weather_hour,tmpf,dwpf,relh,sknt,mslp,p01i
2023-01-01 01:00:00,53.0,51.0,92.89,6.0,1007.2,0.0
2023-01-01 02:00:00,51.5,49.5,92.5,6.0,1007.2,0.0
2023-01-01 03:00:00,49.0,47.0,92.77,5.0,1008.1,0.0
2023-01-01 04:00:00,48.0,46.0,92.74,4.0,1008.4,0.0
2023-01-01 05:00:00,49.0,47.0,92.77,7.0,1008.9,0.0
2023-01-01 06:00:00,48.0,46.0,92.74,9.0,1009.8,0.0
2023-01-01 07:00:00,48.0,46.0,92.74,8.0,1010.6,0.0
2023-01-01 08:00:00,47.0,44.0,89.92,9.0,1011.6,0.0
2023-01-01 09:00:00,51.0,46.0,82.62,5.0,1012.1,0.0
2023-01-01 10:00:00,54.0,43.0,66.24,10.0,1013.6,0.0
2023-01-01 11:00:00,55.0,41.0,59.13,13.0,1014.0,0.0
2023-01-01 12:00:00,56.0,38.0,50.71,8.0,1013.3,0.0
2023-01-01 13:00:00,56.0,35.0,45.4,16.0,1013.6,0.0
2023-01-01 14:00:00,57.0,33.0,40.28,10.0,1013.3,0.0
2023-01-01 15:00:00,57.0,32.0,38.54,9.0,1013.7,0.0
2023-01-01 16:00:00,57.0,33.0,40.28,8.0,1014.1,0.0
2023-01-01 17:00:00,54.0,36.0,50.42,6.0,1014.2,0.0
2023-01-01 18:00:00,49.0,36.0,60.88,4.0,1014.5,0.0
2023-01-01 19:00:00,52.0,35.0,52.36,7.0,1016.0,0.0
2023-01-01 20:00:00,49.0,35.0,58.75,3.0,1016.2,0.0
2023-01-01 21:00:00,46.0,35.0,65.52,4.0,1016.8,0.0
2023-01-01 22:00:00,49.0,37.0,63.34,4.0,1017.0,0.0
2023-01-01 23:00:00,50.0,36.0,58.44,4.0,1017.1,0.0
2023-01-02 00:00:00,48.0,37.0,65.51,3.0,1017.0,0.0
2023-01-02 01:00:00,48.0,37.0,65.51,3.0,1016.9,0.0
2023-01-02 02:00:00,47.0,37.0,68.27,3.0,1017.1,0.0
2023-01-02 03:00:00,45.0,36.0,70.53,3.0,1018.2,0.0
2023-01-02 04:00:00,45.0,37.0,73.37,0.0,1018.0,0.0
2023-01-02 05:00:00,44.0,37.0,75.93,0.0,1018.4,0.0
2023-01-02 06:00:00,43.0,37.0,79.19,4.0,1018.6,0.0
2023-01-02 07:00:00,44.0,37.0,75.93,6.0,1019.5,0.0
2023-01-02 08:00:00,46.0,37.0,70.64,5.0,1020.1,0.0
2023-01-02 09:00:00,45.0,38.0,76.01,6.0,1020.7,0.0
2023-01-02 10:00:00,48.0,40.0,73.38,5.0,1020.8,0.0
2023-01-02 11:00:00,52.0,41.0,66.0,4.0,1020.4,0.0
2023-01-02 12:00:00,56.0,40.0,54.83,4.0,1019.5,0.0
2023-01-02 13:00:00,58.0,41.0,53.24,6.0,1018.9,0.0
2023-01-02 14:00:00,58.0,42.0,55.55,7.0,1019.1,0.0
2023-01-02 15:00:00,58.0,42.0,55.55,7.0,1019.2,0.0
2023-01-02 16:00:00,57.0,43.0,59.4,6.0,1019.5,0.0
2023-01-02 17:00:00,56.0,44.0,64.47,6.0,1019.6,0.0
2023-01-02 18:00:00,55.0,44.0,66.61,5.0,1019.8,0.0
2023-01-02 19:00:00,55.0,44.0,66.61,5.0,1020.3,0.0
2023-01-02 20:00:00,54.0,46.0,74.175,7.0,1020.7,0.0
2023-01-02 21:00:00,53.0,47.0,79.4,5.0,1021.0,0.01
2023-01-02 22:00:00,52.0,48.0,86.17,0.0,1020.8,0.03
2023-01-02 23:00:00,52.0,48.0,86.17,3.0,1020.5,0.01
2023-01-03 00:00:00,52.0,48.0,86.17,0.0,1020.1,0.0
2023-01-03 01:00:00,51.0,49.0,92.14,0.0,1019.8,0.0
2023-01-03 02:00:00,52.0,48.0,86.17,0.0,1019.5,0.0
2023-01-03 03:00:00,51.0,46.0,82.62,3.0,1019.5,0.0
2023-01-03 04:00:00,50.0,45.0,82.86,3.0,1019.2,0.0
2023-01-03 05:00:00,50.0,46.0,86.06,3.0,1018.8,0.0
2023-01-03 06:00:00,50.0,46.5,87.55000000000001,0.0,1018.3,0.0
2023-01-03 07:00:00,50.0,46.0,86.06,0.0,1017.7,0.01
2023-01-03 08:00:00,50.0,47.0,89.04,0.0,1017.0,0.0
2023-01-03 09:00:00,51.0,48.0,89.09,3.0,1016.3,0.0
2023-01-03 10:00:00,51.0,47.666666666666664,87.88666666666667,4.0,1015.7,0.0
2023-01-03 11:00:00,50.0,48.0,92.8,3.0,1016.0,0.13
2023-01-03 12:00:00,50.0,48.0,92.8,3.0,1013.8,0.19
2023-01-03 13:00:00,51.0,49.0,92.14,3.0,1012.9,0.11
2023-01-03 14:00:00,53.0,51.0,92.89,6.0,1012.1,0.01
2023-01-03 15:00:00,54.0,51.0,89.88,7.0,1010.9,0.0
2023-01-03 16:00:00,56.0,53.0,90.29,11.0,1010.5,0.0
2023-01-03 17:00:00,56.0,53.0,90.29,6.0,1009.8,0.0
2023-01-03 18:00:00,56.0,54.0,93.32,5.0,1009.9,0.0
2023-01-03 19:00:00,55.0,53.0,93.29,4.0,1010.1,0.0
2023-01-03 20:00:00,55.0,53.0,93.29,0.0,1009.8,0.0
2023-01-03 21:00:00,54.0,52.0,92.92,0.0,1009.6,0.0
2023-01-03 22:00:00,53.5,51.5,92.905,3.0,1009.4,0.0
2023-01-03 23:00:00,53.3,51.9,94.815,0.0,1009.2,0.0
2023-01-04 00:00:00,51.0,50.0,96.0,3.0,1008.2,0.0
2023-01-04 01:00:00,51.666666666666664,50.333333333333336,95.19666666666667,4.333333333333333,1008.8,0.0
2023-01-04 02:00:00,52.333333333333336,51.0,95.20666666666666,4.0,1008.7,0.0
2023-01-04 03:00:00,54.0,52.0,92.92,3.0,1008.9,0.0
2023-01-04 04:00:00,52.0,50.0,92.86,6.0,1008.9,0.0
2023-01-04 05:00:00,53.0,50.0,89.18,6.0,1009.1,0.0
2023-01-04 06:00:00,53.0,51.0,92.89,7.0,1009.6,0.0
2023-01-04 07:00:00,53.0,50.0,89.18,7.0,1010.6,0.0
2023-01-04 08:00:00,53.0,51.0,92.89,6.0,1011.5,0.0
2023-01-04 09:00:00,57.0,54.0,89.68,7.0,1012.5,0.0
2023-01-04 10:00:00,58.0,55.0,90.04,5.0,1012.1,0.0
2023-01-04 11:00:00,62.0,56.0,80.11,6.0,1012.0,0.0
2023-01-04 12:00:00,65.0,56.0,72.61,5.0,1011.5,0.0
2023-01-04 13:00:00,66.0,56.0,69.88,7.0,1010.6,0.0
2023-01-04 14:00:00,66.0,56.0,69.88,8.0,1010.4,0.0
2023-01-04 15:00:00,65.0,55.0,70.28,5.0,1010.0,0.0
2023-01-04 16:00:00,62.0,54.0,74.75,3.0,1010.0,0.0
2023-01-04 17:00:00,61.0,55.0,80.61,4.0,1010.0,0.01
2023-01-04 18:00:00,56.0,52.0,86.71,3.0,1009.4,0.01
2023-01-04 19:00:00,56.0,52.0,86.71,0.0,1009.7,0.0
2023-01-04 20:00:00,54.0,50.0,86.29,5.0,1009.1,0.0
2023-01-04 21:00:00,55.0,51.0,86.66,4.0,1009.0,0.0
2023-01-04 22:00:00,56.0,52.0,86.71,1.5,1009.2,0.0
2023-01-04 23:00:00,55.0,51.0,86.66,3.5,1008.7,0.0
2023-01-05 00:00:00,55.0,52.0,89.59,0.0,1009.1,0.0
2023-01-05 01:00:00,53.0,50.5,91.035,4.5,1009.5,0.0
2023-01-05 02:00:00,52.0,49.5,90.995,1.5,1010.1,0.0
2023-01-05 03:00:00,51.4,48.6,89.805,6.0,1011.1,0.0
2023-01-05 04:00:00,51.0,48.0,89.09,5.0,1011.8,0.0
2023-01-05 05:00:00,51.0,49.0,92.14,3.0,1012.1,0.0
2023-01-05 06:00:00,51.0,49.333333333333336,93.42666666666666,3.3333333333333335,1012.6,0.0
2023-01-05 07:00:00,51.0,49.75,95.035,3.0,1013.1,0.0
2023-01-05 08:00:00,51.0,50.0,96.0,0.0,1013.7,0.0
2023-01-05 09:00:00,51.0,51.0,100.0,1.5,1014.2,0.0
2023-01-05 10:00:00,51.0,50.5,98.0,4.0,1015.2,0.0
2023-01-05 11:00:00,51.4,50.0,94.775,3.0,1015.6,0.0
2023-01-05 12:00:00,52.0,47.0,82.68,5.0,1014.8,0.0
2023-01-05 13:00:00,52.0,47.0,82.68,5.0,1014.6,0.0
2023-01-05 14:00:00,53.0,47.0,79.4,3.0,1013.9,0.0
2023-01-05 15:00:00,52.0,47.0,82.68,7.0,1013.5,0.0
2023-01-05 16:00:00,52.0,46.0,79.92,6.0,1013.8,0.0
2023-01-05 17:00:00,51.0,45.0,79.54,5.0,1013.6,0.0
2023-01-05 18:00:00,50.0,46.13333333333333,86.49666666666667,4.666666666666667,1013.7,0.0
2023-01-05 19:00:00,48.0,46.0,92.74,3.0,1014.6,0.0
2023-01-05 20:00:00,49.0,46.0,89.67,3.0,1014.3,0.0
2023-01-05 21:00:00,48.0,46.0,92.74,0.0,1014.4,0.0
2023-01-05 22:00:00,48.0,45.0,89.29,5.0,1014.8,0.0
2023-01-05 23:00:00,48.0,45.0,89.29,4.0,1014.7,0.0
2023-01-06 00:00:00,48.0,44.0,86.28,6.0,1014.4,0.0
2023-01-06 01:00:00,47.0,44.5,91.49000000000001,4.0,1014.1,0.01
2023-01-06 02:00:00,46.0,44.0,93.03,5.0,1014.7,0.04
2023-01-06 03:00:00,46.0,43.333333333333336,90.74000000000001,2.0,1015.5,0.30000000000000004
2023-01-06 04:00:00,46.0,43.0,89.2,3.0,1014.8,0.07
2023-01-06 05:00:00,45.0,42.0,89.49,3.5,1014.7,0.0
2023-01-06 06:00:00,46.0,42.0,86.16,5.0,1014.0,0.0
2023-01-06 07:00:00,45.0,43.0,92.65,0.0,1014.7,0.0
2023-01-06 08:00:00,46.0,43.0,89.2,4.0,1014.9,0.0
2023-01-06 09:00:00,46.0,43.0,89.2,3.0,1015.0,0.0
2023-01-06 10:00:00,47.0,43.0,86.21,0.0,1015.6,0.01
2023-01-06 11:00:00,47.5,43.0,84.465,5.0,1015.4,0.0
2023-01-06 12:00:00,49.0,42.5,78.33500000000001,8.5,1014.7,0.0
2023-01-06 13:00:00,49.5,41.0,72.56,6.5,1014.0,0.0
2023-01-06 14:00:00,46.0,38.0,73.18,5.0,1014.3,0.04
2023-01-06 15:00:00,48.0,40.0,73.38,10.0,1014.5,0.0
2023-01-06 16:00:00,48.0,37.0,65.51,13.0,1015.3,0.0
2023-01-06 17:00:00,47.0,36.0,65.63,10.0,1016.0,0.0
2023-01-06 18:00:00,46.0,36.0,67.9,6.0,1016.9,0.0
2023-01-06 19:00:00,45.0,35.0,68.05,7.0,1017.8,0.0
2023-01-06 20:00:00,44.0,32.0,62.21,8.0,1018.6,0.0
2023-01-06 21:00:00,43.0,30.9,62.06,8.0,1019.4,0.0
2023-01-06 22:00:00,42.0,30.9,64.24,6.0,1019.9,0.0
2023-01-06 23:00:00,41.0,30.0,64.63,6.0,1020.2,0.0
2023-01-07 00:00:00,39.0,28.9,66.79,6.0,1019.8,0.0
2023-01-07 01:00:00,38.0,30.0,72.93,8.0,1019.9,0.0
2023-01-07 02:00:00,37.0,28.9,72.24,7.0,1019.8,0.0
2023-01-07 03:00:00,37.0,30.0,75.56,7.0,1020.0,0.0
2023-01-07 04:00:00,37.0,30.0,75.56,8.0,1019.8,0.0
2023-01-07 05:00:00,37.0,30.0,75.56,9.0,1019.7,0.0
2023-01-07 06:00:00,37.0,30.0,75.56,9.0,1020.0,0.0
2023-01-07 07:00:00,38.0,30.0,72.93,7.0,1020.4,0.0
2023-01-07 08:00:00,39.0,30.0,69.85,5.0,1020.8,0.0
2023-01-07 09:00:00,40.0,30.0,67.45,7.0,1021.2,0.0
2023-01-07 10:00:00,41.0,30.0,64.63,6.0,1021.6,0.0
2023-01-07 11:00:00,43.0,30.0,59.83,6.0,1021.2,0.0
2023-01-07 12:00:00,46.0,28.0,49.18,10.0,1020.1,0.0
2023-01-07 13:00:00,45.0,28.0,51.08,15.0,1019.8,0.0
2023-01-07 14:00:00,46.0,28.9,51.03,14.0,1019.9,0.0
2023-01-07 15:00:00,45.0,28.9,53.0,13.0,1020.1,0.0
2023-01-07 16:00:00,45.0,28.9,53.0,8.0,1020.5,0.0
2023-01-07 17:00:00,44.0,27.0,50.73,11.0,1020.9,0.0
2023-01-07 18:00:00,43.0,28.0,55.14,9.0,1021.8,0.0
2023-01-07 19:00:00,42.0,28.9,59.22,8.0,1022.6,0.0
2023-01-07 20:00:00,41.0,30.0,64.63,8.0,1023.2,0.0
2023-01-07 21:00:00,41.0,30.0,64.63,8.0,1023.5,0.0
2023-01-07 22:00:00,41.0,28.9,61.79,7.0,1023.8,0.0
2023-01-07 23:00:00,40.0,28.0,62.15,8.0,1024.1,0.0
2023-01-08 00:00:00,39.0,25.0,56.86,11.0,1024.2,0.0
2023-01-08 01:00:00,38.0,25.0,59.36,5.0,1024.5,0.0
2023-01-08 02:00:00,37.0,25.0,61.5,4.0,1024.7,0.0
2023-01-08 03:00:00,36.0,25.0,63.98,6.0,1025.4,0.0
2023-01-08 04:00:00,36.0,25.0,63.98,7.0,1025.6,0.0
2023-01-08 05:00:00,36.0,21.9,56.18,7.0,1026.2,0.0
2023-01-08 06:00:00,34.0,21.9,60.83,5.0,1026.7,0.0
2023-01-08 07:00:00,34.0,21.0,58.56,9.0,1026.6,0.0
2023-01-08 08:00:00,35.0,21.0,56.05,6.0,1027.2,0.0
2023-01-08 09:00:00,36.0,21.0,54.08,7.0,1027.4,0.0
2023-01-08 10:00:00,38.0,21.9,52.13,4.0,1027.5,0.0
2023-01-08 11:00:00,39.0,21.9,49.93,3.0,1027.4,0.0
2023-01-08 12:00:00,40.0,21.9,48.21,4.0,1025.9,0.0
2023-01-08 13:00:00,40.0,21.9,48.21,0.0,1025.4,0.0
2023-01-08 14:00:00,41.0,21.0,44.47,5.0,1024.6,0.0
2023-01-08 15:00:00,42.0,21.9,44.27,5.0,1024.4,0.0
2023-01-08 16:00:00,41.0,21.0,44.47,5.0,1023.9,0.0
2023-01-08 17:00:00,39.0,21.9,49.93,6.0,1023.9,0.0
2023-01-08 18:00:00,39.0,27.0,61.78,7.0,1023.1,0.0
2023-01-08 19:00:00,39.0,27.0,61.78,3.0,1022.7,0.0
2023-01-08 20:00:00,38.0,28.0,67.2,5.0,1022.2,0.0
2023-01-08 21:00:00,38.0,28.0,67.2,5.0,1021.9,0.0
2023-01-08 22:00:00,38.0,28.0,67.2,5.0,1021.0,0.0
2023-01-08 23:00:00,38.0,28.9,69.73,3.0,1020.4,0.0
2023-01-09 00:00:00,38.5,28.9,68.26,3.0,1019.5,0.0
2023-01-09 01:00:00,39.0,30.0,69.85,3.0,1018.5,0.0
2023-01-09 02:00:00,39.0,31.45,74.1,3.5,1017.8,0.0
2023-01-09 03:00:00,38.5,33.0,80.91499999999999,3.5,1016.8,0.0
2023-01-09 04:00:00,39.0,35.0,85.76,0.0,1015.6,0.01
2023-01-09 05:00:00,38.0,34.0,85.69,4.0,1014.8,0.0
2023-01-09 06:00:00,38.0,34.0,85.69,3.0,1014.9,0.0
2023-01-09 07:00:00,38.0,33.666666666666664,84.67999999999999,1.6666666666666667,1014.3,0.0
2023-01-09 08:00:00,38.0,33.0,82.66,6.0,1014.5,0.0
2023-01-09 09:00:00,39.0,34.0,82.08,5.0,1014.7,0.0
2023-01-09 10:00:00,41.0,34.0,75.94,5.0,1014.8,0.0
2023-01-09 11:00:00,43.0,30.9,62.06,12.0,1014.4,0.0
2023-01-09 12:00:00,45.0,28.9,53.0,7.0,1013.4,0.0
2023-01-09 13:00:00,46.0,26.1,45.47,12.0,1012.6,0.0
2023-01-09 14:00:00,47.0,26.1,43.95,11.0,1012.0,0.0
2023-01-09 15:00:00,47.0,24.1,40.44,12.0,1012.0,0.0
2023-01-09 16:00:00,45.0,21.9,39.62,14.0,1012.4,0.0
2023-01-09 17:00:00,43.0,21.9,42.77,11.0,1012.7,0.0
2023-01-09 18:00:00,42.0,21.9,44.27,8.0,1013.4,0.0
2023-01-09 19:00:00,41.0,21.9,46.19,4.0,1013.8,0.0
2023-01-09 20:00:00,41.0,21.9,46.19,0.0,1013.5,0.0
2023-01-09 21:00:00,39.0,24.1,54.77,6.0,1013.6,0.0
2023-01-09 22:00:00,39.0,24.1,54.77,6.0,1013.7,0.0
2023-01-09 23:00:00,38.0,23.0,54.6,6.0,1014.1,0.0
2023-01-10 00:00:00,38.0,23.0,54.6,6.0,1014.0,0.0
2023-01-10 01:00:00,37.0,23.0,56.57,5.0,1014.2,0.0
2023-01-10 02:00:00,37.0,23.0,56.57,5.0,1014.8,0.0
2023-01-10 03:00:00,34.0,23.0,63.72,4.0,1015.5,0.0
2023-01-10 04:00:00,35.0,24.1,63.86,7.0,1015.3,0.0
2023-01-10 05:00:00,36.0,24.1,61.62,7.0,1015.7,0.0
2023-01-10 06:00:00,36.0,25.0,63.98,7.0,1016.3,0.0
2023-01-10 07:00:00,37.0,25.0,61.5,7.0,1016.5,0.0
2023-01-10 08:00:00,38.0,26.1,62.14,6.0,1017.0,0.0
2023-01-10 09:00:00,39.0,26.1,59.52,7.0,1017.5,0.0
2023-01-10 10:00:00,39.0,27.0,61.78,8.0,1018.0,0.0
2023-01-10 11:00:00,40.0,27.0,59.65,8.0,1017.8,0.0
2023-01-10 12:00:00,41.0,27.0,57.15,8.0,1017.0,0.0
2023-01-10 13:00:00,42.0,27.0,54.78,9.0,1016.6,0.0
2023-01-10 14:00:00,42.0,27.0,54.78,9.0,1016.6,0.0
2023-01-10 15:00:00,42.0,28.0,57.08,7.0,1016.5,0.0
2023-01-10 16:00:00,42.0,28.0,57.08,8.0,1016.8,0.0
2023-01-10 17:00:00,42.0,28.0,57.08,6.0,1017.2,0.0
2023-01-10 18:00:00,42.0,28.0,57.08,7.0,1017.7,0.0
2023-01-10 19:00:00,42.0,28.0,57.08,7.0,1018.2,0.0
2023-01-10 20:00:00,42.0,25.0,50.42,8.0,1018.7,0.0
2023-01-10 21:00:00,41.0,25.0,52.61,7.0,1019.0,0.0
2023-01-10 22:00:00,41.0,24.1,50.67,6.0,1019.5,0.0
2023-01-10 23:00:00,40.0,25.0,54.9,4.0,1019.7,0.0
2023-01-11 00:00:00,40.0,25.0,54.9,4.0,1020.2,0.0
2023-01-11 01:00:00,40.0,25.0,54.9,6.0,1020.3,0.0
2023-01-11 02:00:00,40.0,25.0,54.9,5.0,1020.5,0.0
2023-01-11 03:00:00,39.0,26.1,59.52,6.0,1021.3,0.0
2023-01-11 04:00:00,38.0,25.0,59.36,10.0,1021.8,0.0
2023-01-11 05:00:00,37.0,23.0,56.57,10.0,1022.2,0.0
2023-01-11 06:00:00,37.0,24.1,59.24,9.0,1021.9,0.0
2023-01-11 07:00:00,36.0,23.0,58.85,9.0,1022.6,0.0
2023-01-11 08:00:00,36.0,21.9,56.18,8.0,1023.7,0.0
2023-01-11 09:00:00,37.0,23.0,56.57,7.0,1023.8,0.0
2023-01-11 10:00:00,38.0,23.0,54.6,6.0,1024.7,0.0
2023-01-11 11:00:00,39.0,24.1,54.77,5.0,1024.8,0.0
2023-01-11 12:00:00,40.0,24.1,52.88,3.0,1024.4,0.0
2023-01-11 13:00:00,41.0,23.0,48.39,5.0,1023.6,0.0
2023-01-11 14:00:00,41.0,21.9,46.19,3.0,1023.4,0.0
2023-01-11 15:00:00,41.0,21.9,46.19,0.0,1023.6,0.0
2023-01-11 16:00:00,41.0,23.0,48.39,4.0,1023.9,0.0
2023-01-11 17:00:00,40.0,23.0,50.5,5.0,1024.1,0.0
2023-01-11 18:00:00,40.0,25.0,54.9,0.0,1024.4,0.0
2023-01-11 19:00:00,40.0,24.1,52.88,6.0,1024.4,0.0
2023-01-11 20:00:00,40.0,25.0,54.9,4.0,1024.6,0.0
2023-01-11 21:00:00,39.0,25.0,56.86,4.0,1024.5,0.0
2023-01-11 22:00:00,39.0,27.0,61.78,5.0,1024.6,0.0
2023-01-11 23:00:00,39.0,28.0,64.37,3.0,1024.8,0.0
2023-01-12 00:00:00,39.0,28.9,66.79,4.0,1024.2,0.0
2023-01-12 01:00:00,40.0,28.9,64.49,6.0,1023.8,0.0
2023-01-12 02:00:00,40.0,28.9,64.49,5.0,1023.4,0.0
2023-01-12 03:00:00,40.0,30.0,67.45,6.0,1022.8,0.0
2023-01-12 04:00:00,41.0,30.9,67.03,6.0,1022.2,0.0
2023-01-12 05:00:00,42.0,33.0,70.2,4.0,1021.9,0.0
2023-01-12 06:00:00,42.0,34.0,72.78,6.0,1022.0,0.0
2023-01-12 07:00:00,43.0,37.0,79.19,5.0,1021.8,0.01
2023-01-12 08:00:00,43.0,38.5,83.85,4.0,1021.7,0.05
2023-01-12 09:00:00,42.0,39.0,88.67,5.0,1021.6,0.05
2023-01-12 10:00:00,44.3,40.1,84.985,5.5,1021.6,0.0
2023-01-12 11:00:00,45.0,42.0,89.49,4.0,1020.9,0.0
2023-01-12 12:00:00,46.2,42.4,86.675,5.0,1019.3,0.0
2023-01-12 13:00:00,48.0,43.0,82.72,4.0,1017.4,0.0
2023-01-12 14:00:00,50.0,45.0,82.86,4.0,1016.4,0.0
2023-01-12 15:00:00,53.0,44.0,71.4,8.0,1015.3,0.0
2023-01-12 16:00:00,53.0,45.0,73.89,8.0,1014.2,0.0
2023-01-12 17:00:00,52.0,46.0,79.92,7.0,1012.5,0.0
2023-01-12 18:00:00,52.0,47.5,84.475,5.5,1012.0,0.07
2023-01-12 19:00:00,52.0,49.0,89.13,6.0,1010.5,0.06
2023-01-12 20:00:00,54.0,51.0,89.88,5.0,1009.2,0.01
2023-01-12 21:00:00,54.5,52.0,91.255,5.0,1007.8,0.03
2023-01-12 22:00:00,55.5,53.0,91.79,4.0,1006.6,0.0
2023-01-12 23:00:00,56.0,53.0,90.29,5.0,1005.3,0.0
2023-01-13 00:00:00,57.0,53.0,86.77,9.0,1004.2,0.0
2023-01-13 01:00:00,57.0,52.0,83.33,10.0,1002.8,0.02
2023-01-13 02:00:00,57.0,54.0,89.68,6.0,1001.7,0.08
2023-01-13 03:00:00,58.666666666666664,53.86666666666667,84.17666666666666,8.666666666666666,1001.4,0.02
2023-01-13 04:00:00,58.0,53.0,84.0,8.0,1000.6,0.0
2023-01-13 05:00:00,57.5,52.0,82.0,10.0,999.9,0.0
2023-01-13 06:00:00,57.0,50.0,77.38,10.0,1000.6,0.0
2023-01-13 07:00:00,56.0,50.0,80.52,10.0,1000.3,0.0
2023-01-13 08:00:00,56.0,50.0,80.52,9.0,999.9,0.0
2023-01-13 09:00:00,56.0,51.0,83.88,11.0,1000.3,0.0
2023-01-13 10:00:00,57.0,51.0,80.6,11.0,1000.1,0.0
2023-01-13 11:00:00,57.0,50.0,77.38,13.0,1000.4,0.0
2023-01-13 12:00:00,55.0,46.0,71.6,14.0,1000.6,0.0
2023-01-13 13:00:00,55.0,45.0,68.93,12.0,999.6,0.0
2023-01-13 14:00:00,49.666666666666664,39.666666666666664,68.49333333333333,16.333333333333332,1000.9,0.0
2023-01-13 15:00:00,48.0,36.0,62.97,16.0,1001.7,0.0
2023-01-13 16:00:00,46.0,32.0,57.87,17.0,1002.6,0.0
2023-01-13 17:00:00,43.0,30.0,59.83,14.0,1004.4,0.0
2023-01-13 18:00:00,42.0,28.9,59.22,12.0,1005.0,0.0
2023-01-13 19:00:00,41.0,28.0,59.55,13.0,1005.0,0.0
2023-01-13 20:00:00,41.0,28.0,59.55,11.0,1006.0,0.0
2023-01-13 21:00:00,41.0,27.0,57.15,13.0,1006.1,0.0
2023-01-13 22:00:00,40.0,26.1,57.47,18.0,1005.6,0.0
2023-01-13 23:00:00,39.0,25.0,56.86,13.0,1006.4,0.0
2023-01-14 00:00:00,38.0,25.0,59.36,13.0,1006.4,0.0
2023-01-14 01:00:00,38.0,25.0,59.36,13.0,1006.0,0.0
2023-01-14 02:00:00,37.5,25.0,60.43,16.0,1006.3,0.0
2023-01-14 03:00:00,37.0,25.0,61.5,14.0,1007.4,0.0
2023-01-14 04:00:00,36.0,25.0,63.98,14.5,1007.5,0.0
2023-01-14 05:00:00,36.0,25.0,63.98,15.0,1007.6,0.0
2023-01-14 06:00:00,36.0,24.1,61.62,12.0,1007.8,0.0
2023-01-14 07:00:00,35.0,23.0,60.99,15.0,1008.3,0.0
2023-01-14 08:00:00,35.0,23.55,62.425,15.5,1008.6,0.0
2023-01-14 09:00:00,35.5,23.55,61.355000000000004,12.5,1009.9,0.0
2023-01-14 10:00:00,35.0,21.9,58.22,14.0,1010.7,0.0
2023-01-14 11:00:00,35.0,24.1,63.86,17.0,1011.1,0.0
2023-01-14 12:00:00,36.333333333333336,23.0,58.09,13.666666666666666,1010.2,0.0
2023-01-14 13:00:00,37.0,21.9,54.01,14.0,1010.5,0.0
2023-01-14 14:00:00,37.0,21.0,51.99,14.0,1010.1,0.0
2023-01-14 15:00:00,37.0,21.0,51.99,16.0,1010.6,0.0
2023-01-14 16:00:00,36.0,19.9,51.61,19.0,1011.1,0.0
2023-01-14 17:00:00,35.0,19.9,53.49,18.0,1011.8,0.0
2023-01-14 18:00:00,35.0,19.9,53.49,16.0,1012.0,0.0
2023-01-14 19:00:00,35.0,19.9,53.49,19.0,1012.6,0.0
2023-01-14 20:00:00,34.0,19.9,55.88,17.0,1011.8,0.0
2023-01-14 21:00:00,34.0,19.9,55.88,20.0,1011.1,0.0
2023-01-14 22:00:00,34.0,19.9,55.88,16.0,1013.2,0.0
2023-01-14 23:00:00,33.0,19.9,57.93,18.0,1012.8,0.0
2023-01-15 00:00:00,33.0,19.9,57.93,12.0,1012.8,0.0
2023-01-15 01:00:00,33.0,19.9,57.93,20.0,1013.0,0.0
2023-01-15 02:00:00,32.0,19.9,60.55,12.0,1013.3,0.0
2023-01-15 03:00:00,32.0,19.9,60.55,17.0,1014.3,0.0
2023-01-15 04:00:00,32.0,19.45,59.41,19.0,1014.9,0.0
2023-01-15 05:00:00,32.0,19.0,58.27,20.0,1014.8,0.0
2023-01-15 06:00:00,32.0,19.9,60.55,21.0,1015.3,0.0
2023-01-15 07:00:00,32.0,19.9,60.55,19.0,1016.1,0.0
2023-01-15 08:00:00,32.0,19.9,60.55,13.0,1016.7,0.0
2023-01-15 09:00:00,34.0,21.0,58.56,18.0,1017.2,0.0
2023-01-15 10:00:00,36.0,21.0,54.08,20.0,1017.1,0.0
2023-01-15 11:00:00,39.0,21.0,48.06,21.0,1016.8,0.0
2023-01-15 12:00:00,41.0,21.9,46.19,20.0,1016.5,0.0
2023-01-15 13:00:00,42.0,21.0,42.62,16.0,1016.2,0.0
2023-01-15 14:00:00,45.0,19.0,35.02,16.0,1015.5,0.0
2023-01-15 15:00:00,45.0,16.0,30.77,18.0,1015.0,0.0
2023-01-15 16:00:00,45.0,12.9,26.87,17.0,1015.1,0.0
2023-01-15 17:00:00,44.0,16.0,31.85,19.0,1015.8,0.0
2023-01-15 18:00:00,42.0,18.0,37.49,14.0,1016.3,0.0
2023-01-15 19:00:00,39.0,18.0,42.28,13.0,1016.6,0.0
2023-01-15 20:00:00,37.0,14.0,38.44,13.0,1016.6,0.0
2023-01-15 21:00:00,36.0,12.0,36.62,13.0,1016.2,0.0
2023-01-15 22:00:00,35.0,12.0,37.95,17.0,1016.1,0.0
2023-01-15 23:00:00,33.0,12.9,42.77,14.0,1016.3,0.0
2023-01-16 00:00:00,33.0,12.9,42.77,12.0,1016.0,0.0
2023-01-16 01:00:00,32.0,12.9,44.7,12.0,1015.5,0.0
2023-01-16 02:00:00,30.9,12.9,46.74,11.0,1015.6,0.0
2023-01-16 03:00:00,30.0,12.9,48.48,13.0,1015.9,0.0
2023-01-16 04:00:00,28.9,12.9,50.7,11.0,1015.7,0.0
2023-01-16 05:00:00,28.9,12.9,50.7,11.0,1015.7,0.0
2023-01-16 06:00:00,28.9,12.0,48.72,11.0,1015.3,0.0
2023-01-16 07:00:00,28.9,12.0,48.72,9.0,1015.2,0.0
2023-01-16 08:00:00,30.0,12.0,46.59,10.0,1015.2,0.0
2023-01-16 09:00:00,33.0,10.9,39.14,9.0,1014.7,0.0
2023-01-16 10:00:00,35.0,10.9,36.14,11.0,1014.3,0.0
2023-01-16 11:00:00,37.0,10.9,33.52,6.0,1013.4,0.0
2023-01-16 12:00:00,41.0,10.9,28.67,5.0,1011.8,0.0
2023-01-16 13:00:00,47.0,8.1,20.19,7.0,1010.3,0.0
2023-01-16 14:00:00,50.0,6.0,16.42,12.0,1009.2,0.0
2023-01-16 15:00:00,51.0,6.0,15.76,12.0,1008.8,0.0
2023-01-16 16:00:00,50.0,5.0,15.61,11.0,1008.9,0.0
2023-01-16 17:00:00,47.0,5.0,17.54,11.0,1008.8,0.0
2023-01-16 18:00:00,45.0,7.0,20.64,5.0,1009.1,0.0
2023-01-16 19:00:00,44.0,7.0,21.36,9.0,1009.1,0.0
2023-01-16 20:00:00,43.0,8.1,23.42,8.0,1009.2,0.0
2023-01-16 21:00:00,42.0,9.0,25.24,10.0,1009.1,0.0
2023-01-16 22:00:00,41.0,10.9,28.67,10.0,1009.5,0.0
2023-01-16 23:00:00,39.0,14.0,35.54,5.0,1009.1,0.0
2023-01-17 00:00:00,37.0,15.1,40.34,5.0,1008.9,0.0
2023-01-17 01:00:00,37.0,14.0,38.44,4.0,1008.6,0.0
2023-01-17 02:00:00,36.0,14.0,39.99,4.0,1008.6,0.0
2023-01-17 03:00:00,36.0,12.9,38.1,6.0,1008.5,0.0
2023-01-17 04:00:00,32.0,14.0,46.92,6.0,1008.2,0.0
2023-01-17 05:00:00,35.0,14.0,41.44,3.0,1007.7,0.0
2023-01-17 06:00:00,33.0,14.0,44.89,6.0,1008.1,0.0
2023-01-17 07:00:00,34.0,14.0,43.3,4.0,1007.9,0.0
2023-01-17 08:00:00,36.0,15.1,41.96,6.0,1008.2,0.0
2023-01-17 09:00:00,40.0,12.9,32.7,6.0,1008.2,0.0
2023-01-17 10:00:00,42.0,12.9,30.03,6.0,1007.5,0.0
2023-01-17 11:00:00,43.0,12.0,27.87,0.0,1006.7,0.0
2023-01-17 12:00:00,45.0,10.9,24.59,5.0,1006.2,0.0
2023-01-17 13:00:00,45.0,14.0,28.2,4.0,1004.6,0.0
2023-01-17 14:00:00,47.0,15.1,27.54,5.0,1004.3,0.0
2023-01-17 15:00:00,47.0,16.0,28.64,3.0,1003.7,0.0
2023-01-17 16:00:00,46.7,19.2,33.19,4.5,1004.1,0.0
2023-01-17 17:00:00,47.0,19.0,32.59,5.0,1003.9,0.0
2023-01-17 18:00:00,47.0,19.0,32.59,7.0,1004.2,0.0
2023-01-17 19:00:00,47.0,19.9,33.87,13.0,1004.4,0.0
2023-01-17 20:00:00,46.0,23.0,39.96,9.0,1004.5,0.0
2023-01-17 21:00:00,46.0,24.1,41.84,7.0,1004.2,0.0
2023-01-17 22:00:00,45.0,23.0,41.5,9.0,1004.4,0.0
2023-01-17 23:00:00,41.0,26.1,55.07,5.0,1004.2,0.0
2023-01-18 00:00:00,40.0,27.0,59.65,4.0,1003.8,0.0
2023-01-18 01:00:00,43.0,28.0,55.14,6.0,1003.7,0.0
2023-01-18 02:00:00,41.0,30.9,67.03,7.0,1004.1,0.01
2023-01-18 03:00:00,42.0,35.0,76.04,7.0,1004.0,0.01
2023-01-18 04:00:00,43.0,36.0,76.12,9.0,1004.2,0.0
2023-01-18 05:00:00,43.0,36.0,76.12,9.0,1004.7,0.0
2023-01-18 06:00:00,43.0,36.0,76.12,7.0,1005.4,0.0
2023-01-18 07:00:00,42.0,36.0,78.8,5.0,1006.2,0.0
2023-01-18 08:00:00,48.0,40.0,73.38,8.0,1007.1,0.0
2023-01-18 09:00:00,50.0,39.0,65.75,10.0,1008.0,0.0
2023-01-18 10:00:00,52.0,39.0,61.06,13.0,1008.6,0.0
2023-01-18 11:00:00,54.0,36.0,50.42,18.0,1009.0,0.0
2023-01-18 12:00:00,56.0,34.0,43.46,17.0,1008.7,0.0
2023-01-18 13:00:00,55.0,34.0,44.9,17.0,1008.5,0.0
2023-01-18 14:00:00,56.0,33.0,41.92,19.0,1008.8,0.0
2023-01-18 15:00:00,56.0,33.0,41.92,18.0,1009.5,0.0
2023-01-18 16:00:00,53.0,33.0,46.42,14.0,1010.7,0.0
2023-01-18 17:00:00,52.0,33.0,48.34,14.0,1011.7,0.0
2023-01-18 18:00:00,51.0,33.0,49.98,15.0,1012.7,0.0
2023-01-18 19:00:00,50.0,33.0,52.06,10.0,1013.8,0.0
2023-01-18 20:00:00,49.0,34.0,56.23,10.0,1014.5,0.0
2023-01-18 21:00:00,47.0,34.0,60.61,5.0,1014.8,0.0
2023-01-18 22:00:00,47.0,34.0,60.61,4.0,1015.6,0.0
2023-01-18 23:00:00,46.0,34.0,62.71,5.0,1016.0,0.0
2023-01-19 00:00:00,43.0,33.0,67.82,5.0,1015.9,0.0
2023-01-19 01:00:00,42.0,33.0,70.2,3.0,1015.7,0.0
2023-01-19 02:00:00,40.0,32.0,73.14,4.0,1016.5,0.0
2023-01-19 03:00:00,40.0,32.0,73.14,6.0,1016.6,0.0
2023-01-19 04:00:00,39.0,32.0,75.75,4.0,1016.6,0.0
2023-01-19 05:00:00,41.0,32.0,70.08,4.0,1016.2,0.0
2023-01-19 06:00:00,42.0,33.0,70.2,0.0,1017.3,0.0
2023-01-19 07:00:00,43.0,33.0,67.82,3.0,1017.3,0.0
2023-01-19 08:00:00,42.0,33.0,70.2,3.0,1017.5,0.0
2023-01-19 09:00:00,43.0,35.0,73.45,0.0,1017.3,0.01
2023-01-19 10:00:00,42.0,36.0,78.8,5.0,1016.3,0.05
2023-01-19 11:00:00,42.0,38.0,84.93,4.0,1015.9,0.08
2023-01-19 12:00:00,42.4,39.1,87.83,3.5,1014.8,0.06
2023-01-19 13:00:00,42.0,39.0,88.67,5.0,1012.9,0.05
2023-01-19 14:00:00,42.0,39.0,88.67,4.5,1011.9,0.04
2023-01-19 15:00:00,42.0,39.0,88.67,6.0,1011.9,0.05
2023-01-19 16:00:00,43.0,40.0,88.71,7.0,1010.6,0.19
2023-01-19 17:00:00,43.0,41.0,92.58,6.0,1009.0,0.08
2023-01-19 18:00:00,43.0,41.0,92.58,6.0,1007.5,0.05
2023-01-19 19:00:00,43.0,41.0,92.58,5.0,1006.3,0.03
2023-01-19 20:00:00,42.5,40.5,92.21000000000001,7.5,1004.3,0.08
2023-01-19 21:00:00,42.0,40.0,91.84,11.5,1002.4,0.1
2023-01-19 22:00:00,42.0,39.333333333333336,89.72666666666667,12.0,1003.4,0.25
2023-01-19 23:00:00,41.0,39.0,92.52,8.0,1001.3,0.06
2023-01-20 00:00:00,43.0,40.0,88.71,5.0,1001.5,0.0
2023-01-20 01:00:00,43.0,39.5,87.185,5.5,1001.2,0.0
2023-01-20 02:00:00,43.0,39.0,85.66,3.0,1002.3,0.0
2023-01-20 03:00:00,42.0,39.0,88.67,4.0,1002.4,0.0
2023-01-20 04:00:00,42.0,40.0,91.84,4.0,1002.6,0.0
2023-01-20 05:00:00,41.0,38.0,88.62,4.0,1002.7,0.0
2023-01-20 06:00:00,40.0,38.0,92.48,4.0,1002.8,0.0
2023-01-20 07:00:00,43.0,39.0,85.66,10.0,1002.9,0.0
2023-01-20 08:00:00,45.0,37.0,73.37,13.0,1003.0,0.0
2023-01-20 09:00:00,46.0,37.0,70.64,12.0,1003.6,0.0
2023-01-20 10:00:00,48.0,37.0,65.51,16.0,1004.0,0.0
2023-01-20 11:00:00,50.0,35.0,56.39,17.0,1004.0,0.0
2023-01-20 12:00:00,50.0,32.0,49.81,18.0,1004.0,0.0
2023-01-20 13:00:00,48.0,33.0,56.1,17.0,1004.4,0.0
2023-01-20 14:00:00,48.0,32.0,53.67,17.0,1005.1,0.0
2023-01-20 15:00:00,48.0,30.9,51.34,15.0,1005.5,0.0
2023-01-20 16:00:00,48.0,30.9,51.34,14.0,1006.8,0.0
2023-01-20 17:00:00,48.0,30.0,49.49,14.0,1008.0,0.0
2023-01-20 18:00:00,46.0,30.9,55.36,12.0,1008.9,0.0
2023-01-20 19:00:00,45.0,30.0,55.43,12.0,1010.1,0.0
2023-01-20 20:00:00,44.0,30.0,57.37,9.0,1010.6,0.0
2023-01-20 21:00:00,44.0,30.0,57.37,11.0,1011.4,0.0
2023-01-20 22:00:00,43.0,30.0,59.83,10.0,1012.1,0.0
2023-01-20 23:00:00,42.0,30.0,61.94,8.0,1012.5,0.0
2023-01-21 00:00:00,42.0,30.0,61.94,5.0,1013.3,0.0
2023-01-21 01:00:00,42.0,30.9,64.24,8.5,1013.6,0.0
2023-01-21 02:00:00,42.0,30.45,63.089999999999996,8.0,1014.1,0.0
2023-01-21 03:00:00,41.0,28.9,61.79,5.0,1014.9,0.0
2023-01-21 04:00:00,41.0,27.0,57.15,9.0,1015.3,0.0
2023-01-21 05:00:00,39.0,24.1,54.77,17.0,1016.3,0.0
2023-01-21 06:00:00,39.0,24.1,54.77,12.0,1017.0,0.0
2023-01-21 07:00:00,39.0,24.1,54.77,12.0,1018.1,0.0
2023-01-21 08:00:00,39.0,24.1,54.77,11.0,1019.2,0.0
2023-01-21 09:00:00,39.0,25.0,56.86,13.0,1020.0,0.0
2023-01-21 10:00:00,40.0,25.0,54.9,14.0,1021.0,0.0
2023-01-21 11:00:00,41.0,25.0,52.61,12.0,1021.3,0.0
2023-01-21 12:00:00,42.0,25.0,50.42,11.0,1021.2,0.0
2023-01-21 13:00:00,42.0,25.0,50.42,12.0,1020.8,0.0
2023-01-21 14:00:00,42.0,25.0,50.42,10.0,1020.8,0.0
2023-01-21 15:00:00,41.0,24.1,50.67,8.0,1021.3,0.0
2023-01-21 16:00:00,41.0,24.1,50.67,7.0,1021.6,0.0
2023-01-21 17:00:00,40.0,24.1,52.88,9.0,1022.4,0.0
2023-01-21 18:00:00,40.0,24.1,52.88,4.0,1022.8,0.0
2023-01-21 19:00:00,39.0,24.1,54.77,7.0,1023.2,0.0
2023-01-21 20:00:00,39.0,24.1,54.77,9.0,1023.6,0.0
2023-01-21 21:00:00,39.0,24.1,54.77,4.0,1023.6,0.0
2023-01-21 22:00:00,38.0,24.1,57.18,3.0,1023.7,0.0
2023-01-21 23:00:00,38.0,24.1,57.18,3.0,1023.6,0.0
2023-01-22 00:00:00,38.0,24.1,57.18,3.0,1023.3,0.0
2023-01-22 01:00:00,38.0,24.1,57.18,6.0,1023.1,0.0
2023-01-22 02:00:00,38.0,24.1,57.18,7.0,1023.6,0.0
2023-01-22 03:00:00,37.0,24.1,59.24,8.0,1023.8,0.0
2023-01-22 04:00:00,38.0,23.0,54.6,5.0,1023.2,0.0
2023-01-22 05:00:00,37.0,24.1,59.24,3.0,1022.7,0.0
2023-01-22 06:00:00,38.0,24.1,57.18,3.0,1022.7,0.0
2023-01-22 07:00:00,38.0,25.0,59.36,4.0,1022.4,0.0
2023-01-22 08:00:00,38.0,26.1,62.14,6.0,1022.1,0.0
2023-01-22 09:00:00,39.0,26.1,59.52,6.0,1022.9,0.0
2023-01-22 10:00:00,40.0,25.0,54.9,7.0,1021.8,0.0
2023-01-22 11:00:00,41.0,24.1,50.67,5.0,1020.8,0.0
2023-01-22 12:00:00,42.0,26.1,52.78,5.0,1020.0,0.0
2023-01-22 13:00:00,42.0,26.1,52.78,8.0,1018.9,0.0
2023-01-22 14:00:00,42.0,26.1,52.78,6.0,1017.8,0.0
2023-01-22 15:00:00,42.0,28.0,57.08,5.0,1017.4,0.0
2023-01-22 16:00:00,42.0,29.45,60.58,3.5,1016.8,0.0
2023-01-22 17:00:00,41.0,30.9,67.03,4.0,1015.6,0.0
2023-01-22 18:00:00,40.0,34.0,79.25,3.0,1014.2,0.03
2023-01-22 19:00:00,40.0,35.0,82.8,0.0,1014.4,0.05
2023-01-22 20:00:00,39.0,36.0,88.87,7.5,1013.4,0.22999999999999998
2023-01-22 21:00:00,39.0,36.0,88.87,10.0,1011.3,0.06
2023-01-22 22:00:00,39.0,36.0,88.87,11.0,1009.8,0.03
2023-01-22 23:00:00,38.0,36.0,92.78,13.0,1007.8,0.12
2023-01-23 00:00:00,38.0,36.0,92.78,13.0,1006.0,0.1
2023-01-23 01:00:00,38.0,35.0,89.53,14.0,1003.8,0.08
2023-01-23 02:00:00,38.0,36.0,92.78,14.0,1002.4,0.06
2023-01-23 03:00:00,39.0,37.0,92.45,12.0,1001.2,0.0
2023-01-23 04:00:00,40.0,38.0,92.48,11.0,1000.4,0.01
2023-01-23 05:00:00,39.666666666666664,37.666666666666664,92.47000000000001,10.333333333333334,1000.4,0.01
2023-01-23 06:00:00,39.0,37.0,92.45,15.0,999.7,0.0
2023-01-23 07:00:00,40.0,37.0,89.27,9.0,999.8,0.01
2023-01-23 08:00:00,41.0,37.0,85.54,8.0,999.9,0.01
2023-01-23 09:00:00,41.0,37.0,85.54,8.0,1000.6,0.0
2023-01-23 10:00:00,40.0,36.5,87.53999999999999,10.5,1001.3,0.03
2023-01-23 11:00:00,40.0,36.0,85.81,8.666666666666666,1001.1,0.05
2023-01-23 12:00:00,40.0,36.0,85.81,11.5,1000.8,0.03
2023-01-23 13:00:00,38.666666666666664,34.666666666666664,85.73666666666668,11.333333333333334,1001.2,0.05
2023-01-23 14:00:00,39.0,34.5,84.245,11.5,1001.8,0.03
2023-01-23 15:00:00,40.0,33.0,76.44,16.0,1003.4,0.01
2023-01-23 16:00:00,40.0,34.0,79.25,15.0,1004.8,0.0
2023-01-23 17:00:00,41.0,30.9,67.03,16.0,1005.9,0.0
2023-01-23 18:00:00,40.0,28.9,64.49,19.0,1007.6,0.0
2023-01-23 19:00:00,39.0,27.0,61.78,18.0,1009.5,0.0
2023-01-23 20:00:00,38.0,26.1,62.14,10.0,1011.0,0.0
2023-01-23 21:00:00,37.0,25.0,61.5,17.0,1012.5,0.0
2023-01-23 22:00:00,37.0,24.1,59.24,16.0,1013.7,0.0
2023-01-23 23:00:00,38.0,24.1,57.18,13.0,1014.4,0.0
2023-01-24 00:00:00,37.0,21.9,54.01,17.0,1015.2,0.0
2023-01-24 01:00:00,36.0,21.9,56.18,12.0,1015.3,0.0
2023-01-24 02:00:00,37.0,21.9,54.01,9.0,1016.2,0.0
2023-01-24 03:00:00,37.0,23.0,56.57,6.0,1016.6,0.0
2023-01-24 04:00:00,37.0,23.0,56.57,8.0,1016.9,0.0
2023-01-24 05:00:00,36.0,24.1,61.62,10.0,1017.1,0.0
2023-01-24 06:00:00,37.0,24.1,59.24,9.0,1017.9,0.0
2023-01-24 07:00:00,37.0,24.1,59.24,10.0,1018.5,0.0
2023-01-24 08:00:00,37.0,24.1,59.24,9.0,1018.7,0.0
2023-01-24 09:00:00,38.0,24.1,57.18,10.0,1019.7,0.0
2023-01-24 10:00:00,41.0,24.1,50.67,14.0,1020.1,0.0
2023-01-24 11:00:00,44.0,23.0,42.95,13.0,1019.8,0.0
2023-01-24 12:00:00,47.0,24.1,40.44,12.0,1019.4,0.0
2023-01-24 13:00:00,47.0,25.0,41.99,14.0,1019.3,0.0
2023-01-24 14:00:00,49.0,26.1,40.77,22.0,1019.4,0.0
2023-01-24 15:00:00,48.0,26.1,42.17,13.0,1020.2,0.0
2023-01-24 16:00:00,44.0,24.1,44.98,16.0,1021.6,0.0
2023-01-24 17:00:00,43.0,23.0,44.8,13.0,1022.3,0.0
2023-01-24 18:00:00,42.0,24.1,48.56,13.0,1023.0,0.0
2023-01-24 19:00:00,42.0,24.1,48.56,12.0,1023.9,0.0
2023-01-24 20:00:00,42.0,23.0,46.37,9.0,1024.3,0.0
2023-01-24 21:00:00,42.0,21.9,44.27,11.0,1025.0,0.0
2023-01-24 22:00:00,41.0,21.9,46.19,11.0,1025.8,0.0
2023-01-24 23:00:00,41.0,23.0,48.39,8.0,1025.8,0.0
2023-01-25 00:00:00,39.0,21.0,48.06,6.0,1025.4,0.0
2023-01-25 01:00:00,38.0,21.0,50.18,4.0,1025.3,0.0
2023-01-25 02:00:00,37.0,21.9,54.01,3.0,1025.5,0.0
2023-01-25 03:00:00,36.0,23.0,58.85,4.0,1026.0,0.0
2023-01-25 04:00:00,35.0,23.0,60.99,3.0,1025.4,0.0
2023-01-25 05:00:00,37.0,21.9,54.01,4.0,1026.8,0.0
2023-01-25 06:00:00,37.0,23.0,56.57,0.0,1027.4,0.0
2023-01-25 07:00:00,37.0,21.9,54.01,6.0,1026.5,0.0
2023-01-25 08:00:00,37.0,23.0,56.57,5.0,1025.7,0.0
2023-01-25 09:00:00,39.0,24.1,54.77,0.0,1026.3,0.0
2023-01-25 10:00:00,40.0,23.0,50.5,6.0,1025.0,0.0
2023-01-25 11:00:00,41.0,23.0,48.39,6.0,1025.1,0.0
2023-01-25 12:00:00,41.0,27.0,57.15,6.0,1024.4,0.0
2023-01-25 13:00:00,41.5,29.45,61.925,3.5,1023.0,0.0
2023-01-25 14:00:00,36.46666666666667,30.666666666666668,79.28,8.0,1020.5,0.13
2023-01-25 15:00:00,38.0,34.333333333333336,86.96999999999998,8.0,1018.4,0.13
2023-01-25 16:00:00,39.0,36.0,88.87,5.0,1017.0,0.05
2023-01-25 17:00:00,41.0,37.0,85.54,7.0,1013.7,0.03
2023-01-25 18:00:00,45.0,41.0,85.77,15.0,1011.9,0.0
2023-01-25 19:00:00,46.0,43.0,89.2,13.0,1010.1,0.09
2023-01-25 20:00:00,49.0,46.0,89.67,16.0,1006.2,0.19
2023-01-25 21:00:00,52.0,49.0,89.13,17.0,1003.7,0.15
2023-01-25 22:00:00,54.0,51.0,89.88,11.0,1002.2,0.11
2023-01-25 23:00:00,56.0,53.0,90.29,15.0,999.4,0.16
2023-01-26 00:00:00,58.0,55.0,90.04,15.0,998.6,0.05
2023-01-26 01:00:00,58.0,55.0,90.04,14.0,996.8,0.1
2023-01-26 02:00:00,56.0,54.0,93.20666666666666,8.666666666666666,996.7,0.33
2023-01-26 03:00:00,54.0,50.0,86.29,13.0,996.2,0.21
2023-01-26 04:00:00,51.4,46.7,83.61,10.0,996.7,0.0
2023-01-26 05:00:00,49.0,44.0,83.42,11.0,997.0,0.0
2023-01-26 06:00:00,47.0,41.0,79.82,14.0,998.1,0.0
2023-01-26 07:00:00,45.666666666666664,37.0,71.45,16.333333333333332,999.1,0.0
2023-01-26 08:00:00,45.0,34.0,65.13,20.0,1000.0,0.0
2023-01-26 09:00:00,45.0,33.0,62.83,16.0,1001.2,0.0
2023-01-26 10:00:00,46.0,32.0,57.87,23.0,1002.0,0.0
2023-01-26 11:00:00,46.0,28.9,51.03,23.0,1002.5,0.0
2023-01-26 12:00:00,45.0,28.0,51.08,24.0,1003.0,0.0
2023-01-26 13:00:00,46.0,28.0,49.18,17.0,1003.2,0.0
2023-01-26 14:00:00,45.0,27.0,49.02,22.0,1003.6,0.0
2023-01-26 15:00:00,45.0,27.0,49.02,18.0,1004.6,0.0
2023-01-26 16:00:00,45.0,26.1,47.23,23.0,1005.9,0.0
2023-01-26 17:00:00,45.0,24.1,43.46,20.0,1007.1,0.0
2023-01-26 18:00:00,44.0,24.1,44.98,17.0,1008.3,0.0
2023-01-26 19:00:00,43.0,25.0,48.7,14.0,1009.4,0.0
2023-01-26 20:00:00,43.0,25.0,48.7,13.0,1010.4,0.0
2023-01-26 21:00:00,42.0,25.0,50.42,14.0,1011.1,0.0
2023-01-26 22:00:00,41.0,26.1,55.07,9.0,1011.8,0.0
2023-01-26 23:00:00,41.0,26.1,55.07,12.0,1012.2,0.0
2023-01-27 00:00:00,40.0,26.1,57.47,10.0,1012.7,0.0
2023-01-27 01:00:00,38.0,27.0,64.49,11.0,1013.5,0.0
2023-01-27 02:00:00,36.0,26.1,66.97,8.0,1014.4,0.0
2023-01-27 03:00:00,35.0,25.0,66.31,5.0,1015.3,0.0
2023-01-27 04:00:00,36.0,26.1,66.97,4.0,1015.5,0.0
2023-01-27 05:00:00,35.0,26.1,69.41,3.0,1015.8,0.0
2023-01-27 06:00:00,33.0,26.1,75.18,6.0,1016.7,0.0
2023-01-27 07:00:00,35.0,27.0,72.04,6.0,1017.7,0.0
2023-01-27 08:00:00,36.0,28.0,72.43,4.0,1018.7,0.0
2023-01-27 09:00:00,39.0,28.9,66.79,7.0,1019.2,0.0
2023-01-27 10:00:00,42.0,30.0,61.94,6.0,1019.9,0.0
2023-01-27 11:00:00,41.0,27.0,57.15,11.0,1020.1,0.0
2023-01-27 12:00:00,42.0,27.0,54.78,9.0,1019.2,0.0
2023-01-27 13:00:00,42.0,23.0,46.37,10.0,1018.4,0.0
2023-01-27 14:00:00,43.0,19.0,37.81,8.0,1018.4,0.0
2023-01-27 15:00:00,43.0,19.0,37.81,12.0,1019.0,0.0
2023-01-27 16:00:00,42.0,18.0,37.49,10.0,1019.5,0.0
2023-01-27 17:00:00,41.0,19.9,42.44,10.0,1020.1,0.0
2023-01-27 18:00:00,40.0,19.9,44.29,7.0,1020.7,0.0
2023-01-27 19:00:00,39.0,21.0,48.06,6.0,1021.2,0.0
2023-01-27 20:00:00,37.0,21.0,51.99,8.0,1021.8,0.0
2023-01-27 21:00:00,36.0,21.9,56.18,7.0,1022.5,0.0
2023-01-27 22:00:00,36.0,21.0,54.08,7.0,1022.5,0.0
2023-01-27 23:00:00,32.0,19.9,60.55,6.0,1022.1,0.0
2023-01-28 00:00:00,35.0,21.0,56.05,4.0,1021.6,0.0
2023-01-28 01:00:00,33.0,21.0,60.71,4.0,1021.8,0.0
2023-01-28 02:00:00,32.0,21.0,63.45,3.0,1022.1,0.0
2023-01-28 03:00:00,36.0,22.45,57.394999999999996,5.0,1022.0,0.0
2023-01-28 04:00:00,37.0,23.0,56.57,12.5,1022.0,0.0
2023-01-28 05:00:00,37.0,24.1,59.24,7.0,1021.9,0.0
2023-01-28 06:00:00,36.0,25.0,63.98,6.0,1022.1,0.0
2023-01-28 07:00:00,35.0,24.1,63.86,5.0,1022.3,0.0
2023-01-28 08:00:00,36.0,25.0,63.98,7.0,1022.8,0.0
2023-01-28 09:00:00,40.0,26.1,57.47,7.5,1023.7,0.0
2023-01-28 10:00:00,44.0,26.1,48.88,11.0,1024.2,0.0
2023-01-28 11:00:00,48.0,27.0,43.77,9.0,1024.4,0.0
2023-01-28 12:00:00,53.0,26.1,34.9,18.0,1023.7,0.0
2023-01-28 13:00:00,53.0,23.0,30.67,15.0,1023.3,0.0
2023-01-28 14:00:00,54.0,23.0,29.67,13.0,1022.9,0.0
2023-01-28 15:00:00,53.0,24.1,32.11,11.0,1023.5,0.0
2023-01-28 16:00:00,53.0,23.0,30.67,9.0,1024.0,0.0
2023-01-28 17:00:00,52.0,24.1,33.44,7.0,1024.6,0.0
2023-01-28 18:00:00,50.0,26.1,39.14,8.0,1025.3,0.0
2023-01-28 19:00:00,50.0,28.0,42.33,10.0,1026.0,0.0
2023-01-28 20:00:00,50.0,28.0,42.33,10.0,1026.1,0.0
2023-01-28 21:00:00,47.0,28.9,49.32,5.0,1026.4,0.0
2023-01-28 22:00:00,47.0,28.0,47.54,0.0,1026.7,0.0
2023-01-28 23:00:00,44.0,28.9,54.85,3.0,1026.7,0.0
2023-01-29 00:00:00,45.0,28.0,51.08,3.0,1026.7,0.0
2023-01-29 01:00:00,45.0,28.0,51.08,3.0,1026.2,0.0
2023-01-29 02:00:00,43.0,28.9,57.21,0.0,1026.4,0.0
2023-01-29 03:00:00,41.0,28.9,61.79,3.0,1026.2,0.0
2023-01-29 04:00:00,39.0,28.0,64.37,3.0,1026.1,0.0
2023-01-29 05:00:00,41.0,28.9,61.79,0.0,1025.7,0.0
2023-01-29 06:00:00,41.0,30.0,64.63,0.0,1025.4,0.0
2023-01-29 07:00:00,41.0,30.0,64.63,0.0,1025.3,0.0
2023-01-29 08:00:00,42.0,32.0,67.17,0.0,1025.1,0.0
2023-01-29 09:00:00,44.0,32.0,62.21,3.0,1025.2,0.0
2023-01-29 10:00:00,46.0,33.0,60.49,6.0,1024.5,0.0
2023-01-29 11:00:00,48.0,33.0,56.1,8.0,1023.6,0.0
2023-01-29 12:00:00,52.0,30.0,42.65,7.0,1021.9,0.0
2023-01-29 13:00:00,53.0,28.9,39.16,11.0,1020.4,0.0
2023-01-29 14:00:00,54.0,28.0,36.52,16.0,1019.5,0.0
2023-01-29 15:00:00,54.0,30.0,39.63,9.0,1019.0,0.0
2023-01-29 16:00:00,54.0,28.9,37.89,14.0,1019.5,0.0
2023-01-29 17:00:00,52.0,32.0,46.25,14.0,1019.2,0.0
2023-01-29 18:00:00,52.0,33.0,48.34,10.0,1019.6,0.0
2023-01-29 19:00:00,50.0,34.0,53.97,11.0,1020.1,0.0
2023-01-29 20:00:00,49.0,34.0,56.23,7.0,1019.8,0.0
2023-01-29 21:00:00,48.0,34.0,58.16,9.0,1020.9,0.0
2023-01-29 22:00:00,46.0,35.0,65.52,9.0,1021.1,0.0
2023-01-29 23:00:00,45.0,35.0,68.05,7.0,1020.8,0.0
2023-01-30 00:00:00,45.0,35.0,68.05,7.0,1021.1,0.0
2023-01-30 01:00:00,44.0,35.0,70.43,8.0,1020.9,0.0
2023-01-30 02:00:00,43.0,35.0,73.45,8.0,1021.2,0.0
2023-01-30 03:00:00,39.0,33.0,79.17,5.0,1021.0,0.0
2023-01-30 04:00:00,40.0,34.0,79.25,4.0,1021.0,0.0
2023-01-30 05:00:00,39.0,33.0,79.17,3.0,1021.5,0.0
2023-01-30 06:00:00,42.0,35.0,76.04,3.0,1021.2,0.0
2023-01-30 07:00:00,42.0,34.0,72.78,3.0,1021.8,0.0
2023-01-30 08:00:00,42.0,35.0,76.04,3.0,1021.7,0.0
2023-01-30 09:00:00,44.0,37.0,75.93,0.0,1022.2,0.0
2023-01-30 10:00:00,47.0,39.0,73.85,3.0,1022.9,0.0
2023-01-30 11:00:00,49.0,39.0,68.51,0.0,1022.0,0.0
2023-01-30 12:00:00,52.0,38.0,58.48,4.0,1021.1,0.0
2023-01-30 13:00:00,55.0,38.0,52.4,7.0,1020.3,0.0
2023-01-30 14:00:00,54.0,38.0,54.34,4.0,1019.2,0.0
2023-01-30 15:00:00,56.0,39.0,52.94,8.0,1018.7,0.0
2023-01-30 16:00:00,56.0,38.0,50.71,7.0,1018.0,0.0
2023-01-30 17:00:00,53.0,38.0,56.17,5.0,1018.4,0.0
2023-01-30 18:00:00,50.0,38.0,62.98,4.0,1018.9,0.0
2023-01-30 19:00:00,51.0,38.0,60.46,9.0,1019.3,0.0
2023-01-30 20:00:00,49.0,38.0,65.62,5.0,1018.4,0.0
2023-01-30 21:00:00,48.0,38.0,67.87,4.0,1018.3,0.0
2023-01-30 22:00:00,49.0,39.0,68.51,8.0,1018.7,0.0
2023-01-30 23:00:00,46.0,37.0,70.64,5.0,1018.0,0.0
2023-01-31 00:00:00,48.0,39.0,70.85,8.0,1018.0,0.0
