pickup_hour,trip_count,tmpf,dwpf,relh,sknt,mslp,p01i,forecast,error,is_forecast,hour,weekday,day,is_weekend
2023-01-01 01:00:00,87,53.0,51.0,92.89,6.0,1007.2,0.0,,,0,1,6,1,1
2023-01-01 02:00:00,85,51.5,49.5,92.5,6.0,1007.2,0.0,,,0,2,6,1,1
2023-01-01 03:00:00,70,49.0,47.0,92.77,5.0,1008.1,0.0,,,0,3,6,1,1
2023-01-01 04:00:00,33,48.0,46.0,92.74,4.0,1008.4,0.0,,,0,4,6,1,1
2023-01-01 05:00:00,23,49.0,47.0,92.77,7.0,1008.9,0.0,,,0,5,6,1,1
2023-01-01 06:00:00,13,48.0,46.0,92.74,9.0,1009.8,0.0,,,0,6,6,1,1
2023-01-01 07:00:00,23,48.0,46.0,92.74,8.0,1010.6,0.0,,,0,7,6,1,1
2023-01-01 08:00:00,25,47.0,44.0,89.92,9.0,1011.6,0.0,,,0,8,6,1,1
2023-01-01 09:00:00,39,51.0,46.0,82.62,5.0,1012.1,0.0,,,0,9,6,1,1
2023-01-01 10:00:00,46,54.0,43.0,66.24,10.0,1013.6,0.0,,,0,10,6,1,1
2023-01-01 11:00:00,69,55.0,41.0,59.13,13.0,1014.0,0.0,,,0,11,6,1,1
2023-01-01 12:00:00,73,56.0,38.0,50.71,8.0,1013.3,0.0,,,0,12,6,1,1
2023-01-01 13:00:00,76,56.0,35.0,45.4,16.0,1013.6,0.0,,,0,13,6,1,1
2023-01-01 14:00:00,71,57.0,33.0,40.28,10.0,1013.3,0.0,,,0,14,6,1,1
2023-01-01 15:00:00,99,57.0,32.0,38.54,9.0,1013.7,0.0,,,0,15,6,1,1
2023-01-01 16:00:00,96,57.0,33.0,40.28,8.0,1014.1,0.0,,,0,16,6,1,1
2023-01-01 17:00:00,77,54.0,36.0,50.42,6.0,1014.2,0.0,,,0,17,6,1,1
2023-01-01 18:00:00,84,49.0,36.0,60.88,4.0,1014.5,0.0,,,0,18,6,1,1
2023-01-01 19:00:00,82,52.0,35.0,52.36,7.0,1016.0,0.0,,,0,19,6,1,1
2023-01-01 20:00:00,82,49.0,35.0,58.75,3.0,1016.2,0.0,,,0,20,6,1,1
2023-01-01 21:00:00,66,46.0,35.0,65.52,4.0,1016.8,0.0,,,0,21,6,1,1
2023-01-01 22:00:00,31,49.0,37.0,63.34,4.0,1017.0,0.0,,,0,22,6,1,1
2023-01-01 23:00:00,29,50.0,36.0,58.44,4.0,1017.1,0.0,,,0,23,6,1,1
2023-01-02 00:00:00,18,48.0,37.0,65.51,3.0,1017.0,0.0,,,0,0,0,2,0
2023-01-02 01:00:00,21,48.0,37.0,65.51,3.0,1016.9,0.0,,,0,1,0,2,0
2023-01-02 02:00:00,13,47.0,37.0,68.27,3.0,1017.1,0.0,,,0,2,0,2,0
2023-01-02 03:00:00,5,45.0,36.0,70.53,3.0,1018.2,0.0,,,0,3,0,2,0
2023-01-02 04:00:00,9,45.0,37.0,73.37,0.0,1018.0,0.0,,,0,4,0,2,0
2023-01-02 05:00:00,9,44.0,37.0,75.93,0.0,1018.4,0.0,,,0,5,0,2,0
2023-01-02 06:00:00,19,43.0,37.0,79.19,4.0,1018.6,0.0,,,0,6,0,2,0
2023-01-02 07:00:00,34,44.0,37.0,75.93,6.0,1019.5,0.0,,,0,7,0,2,0
2023-01-02 08:00:00,41,46.0,37.0,70.64,5.0,1020.1,0.0,,,0,8,0,2,0
2023-01-02 09:00:00,77,45.0,38.0,76.01,6.0,1020.7,0.0,,,0,9,0,2,0
2023-01-02 10:00:00,77,48.0,40.0,73.38,5.0,1020.8,0.0,,,0,10,0,2,0
2023-01-02 11:00:00,91,52.0,41.0,66.0,4.0,1020.4,0.0,,,0,11,0,2,0
2023-01-02 12:00:00,111,56.0,40.0,54.83,4.0,1019.5,0.0,,,0,12,0,2,0
2023-01-02 13:00:00,132,58.0,41.0,53.24,6.0,1018.9,0.0,,,0,13,0,2,0
2023-01-02 14:00:00,111,58.0,42.0,55.55,7.0,1019.1,0.0,,,0,14,0,2,0
2023-01-02 15:00:00,133,58.0,42.0,55.55,7.0,1019.2,0.0,,,0,15,0,2,0
2023-01-02 16:00:00,132,57.0,43.0,59.4,6.0,1019.5,0.0,,,0,16,0,2,0
2023-01-02 17:00:00,97,56.0,44.0,64.47,6.0,1019.6,0.0,,,0,17,0,2,0
2023-01-02 18:00:00,125,55.0,44.0,66.61,5.0,1019.8,0.0,,,0,18,0,2,0
2023-01-02 19:00:00,96,55.0,44.0,66.61,5.0,1020.3,0.0,,,0,19,0,2,0
2023-01-02 20:00:00,70,54.0,46.0,74.175,7.0,1020.7,0.0,,,0,20,0,2,0
2023-01-02 21:00:00,54,53.0,47.0,79.4,5.0,1021.0,0.01,,,0,21,0,2,0
2023-01-02 22:00:00,54,52.0,48.0,86.17,0.0,1020.8,0.03,,,0,22,0,2,0
2023-01-02 23:00:00,35,52.0,48.0,86.17,3.0,1020.5,0.01,,,0,23,0,2,0
2023-01-03 00:00:00,20,52.0,48.0,86.17,0.0,1020.1,0.0,,,0,0,1,3,0
2023-01-03 01:00:00,10,51.0,49.0,92.14,0.0,1019.8,0.0,,,0,1,1,3,0
2023-01-03 02:00:00,10,52.0,48.0,86.17,0.0,1019.5,0.0,,,0,2,1,3,0
2023-01-03 03:00:00,15,51.0,46.0,82.62,3.0,1019.5,0.0,,,0,3,1,3,0
2023-01-03 04:00:00,8,50.0,45.0,82.86,3.0,1019.2,0.0,,,0,4,1,3,0
2023-01-03 05:00:00,12,50.0,46.0,86.06,3.0,1018.8,0.0,,,0,5,1,3,0
2023-01-03 06:00:00,37,50.0,46.5,87.55000000000001,0.0,1018.3,0.0,,,0,6,1,3,0
2023-01-03 07:00:00,117,50.0,46.0,86.06,0.0,1017.7,0.01,,,0,7,1,3,0
2023-01-03 08:00:00,134,50.0,47.0,89.04,0.0,1017.0,0.0,,,0,8,1,3,0
2023-01-03 09:00:00,126,51.0,48.0,89.09,3.0,1016.3,0.0,,,0,9,1,3,0
2023-01-03 10:00:00,146,51.0,47.66666666666666,87.88666666666667,4.0,1015.7,0.0,,,0,10,1,3,0
2023-01-03 11:00:00,123,50.0,48.0,92.8,3.0,1016.0,0.13,,,0,11,1,3,0
2023-01-03 12:00:00,123,50.0,48.0,92.8,3.0,1013.8,0.19,,,0,12,1,3,0
2023-01-03 13:00:00,135,51.0,49.0,92.14,3.0,1012.9,0.11,,,0,13,1,3,0
2023-01-03 14:00:00,144,53.0,51.0,92.89,6.0,1012.1,0.01,,,0,14,1,3,0
2023-01-03 15:00:00,159,54.0,51.0,89.88,7.0,1010.9,0.0,,,0,15,1,3,0
2023-01-03 16:00:00,165,56.0,53.0,90.29,11.0,1010.5,0.0,,,0,16,1,3,0
2023-01-03 17:00:00,154,56.0,53.0,90.29,6.0,1009.8,0.0,,,0,17,1,3,0
2023-01-03 18:00:00,144,56.0,54.0,93.32,5.0,1009.9,0.0,,,0,18,1,3,0
2023-01-03 19:00:00,128,55.0,53.0,93.29,4.0,1010.1,0.0,,,0,19,1,3,0
2023-01-03 20:00:00,81,55.0,53.0,93.29,0.0,1009.8,0.0,,,0,20,1,3,0
2023-01-03 21:00:00,64,54.0,52.0,92.92,0.0,1009.6,0.0,,,0,21,1,3,0
2023-01-03 22:00:00,44,53.5,51.5,92.905,3.0,1009.4,0.0,,,0,22,1,3,0
2023-01-03 23:00:00,26,53.3,51.9,94.815,0.0,1009.2,0.0,,,0,23,1,3,0
2023-01-04 00:00:00,22,51.0,50.0,96.0,3.0,1008.2,0.0,,,0,0,2,4,0
2023-01-04 01:00:00,16,51.66666666666666,50.333333333333336,95.19666666666669,4.333333333333333,1008.8,0.0,,,0,1,2,4,0
2023-01-04 02:00:00,7,52.333333333333336,51.0,95.20666666666666,4.0,1008.7,0.0,,,0,2,2,4,0
2023-01-04 03:00:00,5,54.0,52.0,92.92,3.0,1008.9,0.0,,,0,3,2,4,0
2023-01-04 04:00:00,4,52.0,50.0,92.86,6.0,1008.9,0.0,,,0,4,2,4,0
2023-01-04 05:00:00,7,53.0,50.0,89.18,6.0,1009.1,0.0,,,0,5,2,4,0
2023-01-04 06:00:00,41,53.0,51.0,92.89,7.0,1009.6,0.0,,,0,6,2,4,0
2023-01-04 07:00:00,111,53.0,50.0,89.18,7.0,1010.6,0.0,,,0,7,2,4,0
2023-01-04 08:00:00,124,53.0,51.0,92.89,6.0,1011.5,0.0,,,0,8,2,4,0
2023-01-04 09:00:00,156,57.0,54.0,89.68,7.0,1012.5,0.0,,,0,9,2,4,0
2023-01-04 10:00:00,122,58.0,55.0,90.04,5.0,1012.1,0.0,,,0,10,2,4,0
2023-01-04 11:00:00,120,62.0,56.0,80.11,6.0,1012.0,0.0,,,0,11,2,4,0
2023-01-04 12:00:00,121,65.0,56.0,72.61,5.0,1011.5,0.0,,,0,12,2,4,0
2023-01-04 13:00:00,137,66.0,56.0,69.88,7.0,1010.6,0.0,,,0,13,2,4,0
2023-01-04 14:00:00,146,66.0,56.0,69.88,8.0,1010.4,0.0,,,0,14,2,4,0
2023-01-04 15:00:00,185,65.0,55.0,70.28,5.0,1010.0,0.0,,,0,15,2,4,0
2023-01-04 16:00:00,194,62.0,54.0,74.75,3.0,1010.0,0.0,,,0,16,2,4,0
2023-01-04 17:00:00,206,61.0,55.0,80.61,4.0,1010.0,0.01,,,0,17,2,4,0
2023-01-04 18:00:00,200,56.0,52.0,86.71,3.0,1009.4,0.01,,,0,18,2,4,0
2023-01-04 19:00:00,182,56.0,52.0,86.71,0.0,1009.7,0.0,,,0,19,2,4,0
2023-01-04 20:00:00,102,54.0,50.0,86.29,5.0,1009.1,0.0,,,0,20,2,4,0
2023-01-04 21:00:00,87,55.0,51.0,86.66,4.0,1009.0,0.0,,,0,21,2,4,0
2023-01-04 22:00:00,51,56.0,52.0,86.71,1.5,1009.2,0.0,,,0,22,2,4,0
2023-01-04 23:00:00,37,55.0,51.0,86.66,3.5,1008.7,0.0,,,0,23,2,4,0
2023-01-05 00:00:00,28,55.0,52.0,89.59,0.0,1009.1,0.0,,,0,0,3,5,0
2023-01-05 01:00:00,12,53.0,50.5,91.035,4.5,1009.5,0.0,,,0,1,3,5,0
2023-01-05 02:00:00,20,52.0,49.5,90.995,1.5,1010.1,0.0,,,0,2,3,5,0
2023-01-05 03:00:00,5,51.4,48.6,89.805,6.0,1011.1,0.0,,,0,3,3,5,0
2023-01-05 04:00:00,8,51.0,48.0,89.09,5.0,1011.8,0.0,,,0,4,3,5,0
2023-01-05 05:00:00,14,51.0,49.0,92.14,3.0,1012.1,0.0,,,0,5,3,5,0
2023-01-05 06:00:00,41,51.0,49.333333333333336,93.42666666666666,3.333333333333333,1012.6,0.0,,,0,6,3,5,0
2023-01-05 07:00:00,108,51.0,49.75,95.035,3.0,1013.1,0.0,,,0,7,3,5,0
2023-01-05 08:00:00,136,51.0,50.0,96.0,0.0,1013.7,0.0,,,0,8,3,5,0
2023-01-05 09:00:00,150,51.0,51.0,100.0,1.5,1014.2,0.0,,,0,9,3,5,0
2023-01-05 10:00:00,134,51.0,50.5,98.0,4.0,1015.2,0.0,,,0,10,3,5,0
2023-01-05 11:00:00,146,51.4,50.0,94.775,3.0,1015.6,0.0,,,0,11,3,5,0
2023-01-05 12:00:00,141,52.0,47.0,82.68,5.0,1014.8,0.0,,,0,12,3,5,0
2023-01-05 13:00:00,125,52.0,47.0,82.68,5.0,1014.6,0.0,,,0,13,3,5,0
2023-01-05 14:00:00,156,53.0,47.0,79.4,3.0,1013.9,0.0,,,0,14,3,5,0
2023-01-05 15:00:00,191,52.0,47.0,82.68,7.0,1013.5,0.0,,,0,15,3,5,0
2023-01-05 16:00:00,173,52.0,46.0,79.92,6.0,1013.8,0.0,,,0,16,3,5,0
2023-01-05 17:00:00,201,51.0,45.0,79.54,5.0,1013.6,0.0,,,0,17,3,5,0
2023-01-05 18:00:00,191,50.0,46.13333333333333,86.49666666666667,4.666666666666667,1013.7,0.0,,,0,18,3,5,0
2023-01-05 19:00:00,150,48.0,46.0,92.74,3.0,1014.6,0.0,,,0,19,3,5,0
2023-01-05 20:00:00,108,49.0,46.0,89.67,3.0,1014.3,0.0,,,0,20,3,5,0
2023-01-05 21:00:00,81,48.0,46.0,92.74,0.0,1014.4,0.0,,,0,21,3,5,0
2023-01-05 22:00:00,53,48.0,45.0,89.29,5.0,1014.8,0.0,,,0,22,3,5,0
2023-01-05 23:00:00,45,48.0,45.0,89.29,4.0,1014.7,0.0,,,0,23,3,5,0
2023-01-06 00:00:00,30,48.0,44.0,86.28,6.0,1014.4,0.0,,,0,0,4,6,0
2023-01-06 01:00:00,17,47.0,44.5,91.49,4.0,1014.1,0.01,,,0,1,4,6,0
2023-01-06 02:00:00,12,46.0,44.0,93.03,5.0,1014.7,0.04,,,0,2,4,6,0
2023-01-06 03:00:00,10,46.0,43.333333333333336,90.74,2.0,1015.5,0.3,,,0,3,4,6,0
2023-01-06 04:00:00,8,46.0,43.0,89.2,3.0,1014.8,0.07,,,0,4,4,6,0
2023-01-06 05:00:00,11,45.0,42.0,89.49,3.5,1014.7,0.0,,,0,5,4,6,0
2023-01-06 06:00:00,42,46.0,42.0,86.16,5.0,1014.0,0.0,,,0,6,4,6,0
2023-01-06 07:00:00,124,45.0,43.0,92.65,0.0,1014.7,0.0,,,0,7,4,6,0
2023-01-06 08:00:00,116,46.0,43.0,89.2,4.0,1014.9,0.0,,,0,8,4,6,0
2023-01-06 09:00:00,151,46.0,43.0,89.2,3.0,1015.0,0.0,,,0,9,4,6,0
2023-01-06 10:00:00,144,47.0,43.0,86.21,0.0,1015.6,0.01,,,0,10,4,6,0
2023-01-06 11:00:00,125,47.5,43.0,84.465,5.0,1015.4,0.0,,,0,11,4,6,0
2023-01-06 12:00:00,117,49.0,42.5,78.33500000000001,8.5,1014.7,0.0,,,0,12,4,6,0
2023-01-06 13:00:00,143,49.5,41.0,72.56,6.5,1014.0,0.0,,,0,13,4,6,0
2023-01-06 14:00:00,196,46.0,38.0,73.18,5.0,1014.3,0.04,,,0,14,4,6,0
2023-01-06 15:00:00,202,48.0,40.0,73.38,10.0,1014.5,0.0,,,0,15,4,6,0
2023-01-06 16:00:00,183,48.0,37.0,65.51,13.0,1015.3,0.0,,,0,16,4,6,0
2023-01-06 17:00:00,199,47.0,36.0,65.63,10.0,1016.0,0.0,,,0,17,4,6,0
2023-01-06 18:00:00,192,46.0,36.0,67.9,6.0,1016.9,0.0,,,0,18,4,6,0
2023-01-06 19:00:00,163,45.0,35.0,68.05,7.0,1017.8,0.0,,,0,19,4,6,0
2023-01-06 20:00:00,120,44.0,32.0,62.21,8.0,1018.6,0.0,,,0,20,4,6,0
2023-01-06 21:00:00,96,43.0,30.9,62.06,8.0,1019.4,0.0,,,0,21,4,6,0
2023-01-06 22:00:00,84,42.0,30.9,64.24,6.0,1019.9,0.0,,,0,22,4,6,0
2023-01-06 23:00:00,61,41.0,30.0,64.63,6.0,1020.2,0.0,,,0,23,4,6,0
2023-01-07 00:00:00,49,39.0,28.9,66.79,6.0,1019.8,0.0,,,0,0,5,7,1
2023-01-07 01:00:00,52,38.0,30.0,72.93,8.0,1019.9,0.0,,,0,1,5,7,1
2023-01-07 02:00:00,38,37.0,28.9,72.24,7.0,1019.8,0.0,,,0,2,5,7,1
2023-01-07 03:00:00,28,37.0,30.0,75.56,7.0,1020.0,0.0,,,0,3,5,7,1
2023-01-07 04:00:00,21,37.0,30.0,75.56,8.0,1019.8,0.0,,,0,4,5,7,1
2023-01-07 05:00:00,11,37.0,30.0,75.56,9.0,1019.7,0.0,,,0,5,5,7,1
2023-01-07 06:00:00,10,37.0,30.0,75.56,9.0,1020.0,0.0,,,0,6,5,7,1
2023-01-07 07:00:00,35,38.0,30.0,72.93,7.0,1020.4,0.0,,,0,7,5,7,1
2023-01-07 08:00:00,72,39.0,30.0,69.85,5.0,1020.8,0.0,,,0,8,5,7,1
2023-01-07 09:00:00,67,40.0,30.0,67.45,7.0,1021.2,0.0,,,0,9,5,7,1
2023-01-07 10:00:00,100,41.0,30.0,64.63,6.0,1021.6,0.0,,,0,10,5,7,1
2023-01-07 11:00:00,106,43.0,30.0,59.83,6.0,1021.2,0.0,,,0,11,5,7,1
2023-01-07 12:00:00,124,46.0,28.0,49.18,10.0,1020.1,0.0,,,0,12,5,7,1
2023-01-07 13:00:00,165,45.0,28.0,51.08,15.0,1019.8,0.0,,,0,13,5,7,1
2023-01-07 14:00:00,153,46.0,28.9,51.03,14.0,1019.9,0.0,,,0,14,5,7,1
2023-01-07 15:00:00,171,45.0,28.9,53.0,13.0,1020.1,0.0,,,0,15,5,7,1
2023-01-07 16:00:00,162,45.0,28.9,53.0,8.0,1020.5,0.0,,,0,16,5,7,1
2023-01-07 17:00:00,133,44.0,27.0,50.73,11.0,1020.9,0.0,,,0,17,5,7,1
2023-01-07 18:00:00,146,43.0,28.0,55.14,9.0,1021.8,0.0,,,0,18,5,7,1
2023-01-07 19:00:00,131,42.0,28.9,59.22,8.0,1022.6,0.0,,,0,19,5,7,1
2023-01-07 20:00:00,104,41.0,30.0,64.63,8.0,1023.2,0.0,,,0,20,5,7,1
2023-01-07 21:00:00,92,41.0,30.0,64.63,8.0,1023.5,0.0,,,0,21,5,7,1
2023-01-07 22:00:00,95,41.0,28.9,61.79,7.0,1023.8,0.0,,,0,22,5,7,1
2023-01-07 23:00:00,89,40.0,28.0,62.15,8.0,1024.1,0.0,,,0,23,5,7,1
2023-01-08 00:00:00,54,39.0,25.0,56.86,11.0,1024.2,0.0,,,0,0,6,8,1
2023-01-08 01:00:00,55,38.0,25.0,59.36,5.0,1024.5,0.0,,,0,1,6,8,1
2023-01-08 02:00:00,42,37.0,25.0,61.5,4.0,1024.7,0.0,,,0,2,6,8,1
2023-01-08 03:00:00,45,36.0,25.0,63.98,6.0,1025.4,0.0,,,0,3,6,8,1
2023-01-08 04:00:00,34,36.0,25.0,63.98,7.0,1025.6,0.0,,,0,4,6,8,1
2023-01-08 05:00:00,22,36.0,21.9,56.18,7.0,1026.2,0.0,,,0,5,6,8,1
2023-01-08 06:00:00,11,34.0,21.9,60.83,5.0,1026.7,0.0,,,0,6,6,8,1
2023-01-08 07:00:00,24,34.0,21.0,58.56,9.0,1026.6,0.0,,,0,7,6,8,1
2023-01-08 08:00:00,26,35.0,21.0,56.05,6.0,1027.2,0.0,,,0,8,6,8,1
2023-01-08 09:00:00,60,36.0,21.0,54.08,7.0,1027.4,0.0,,,0,9,6,8,1
2023-01-08 10:00:00,83,38.0,21.9,52.13,4.0,1027.5,0.0,,,0,10,6,8,1
2023-01-08 11:00:00,88,39.0,21.9,49.93,3.0,1027.4,0.0,,,0,11,6,8,1
2023-01-08 12:00:00,105,40.0,21.9,48.21,4.0,1025.9,0.0,,,0,12,6,8,1
2023-01-08 13:00:00,106,40.0,21.9,48.21,0.0,1025.4,0.0,,,0,13,6,8,1
2023-01-08 14:00:00,120,41.0,21.0,44.47,5.0,1024.6,0.0,,,0,14,6,8,1
2023-01-08 15:00:00,122,42.0,21.9,44.27,5.0,1024.4,0.0,,,0,15,6,8,1
2023-01-08 16:00:00,140,41.0,21.0,44.47,5.0,1023.9,0.0,,,0,16,6,8,1
2023-01-08 17:00:00,114,39.0,21.9,49.93,6.0,1023.9,0.0,,,0,17,6,8,1
2023-01-08 18:00:00,109,39.0,27.0,61.78,7.0,1023.1,0.0,,,0,18,6,8,1
2023-01-08 19:00:00,96,39.0,27.0,61.78,3.0,1022.7,0.0,,,0,19,6,8,1
2023-01-08 20:00:00,69,38.0,28.0,67.2,5.0,1022.2,0.0,,,0,20,6,8,1
2023-01-08 21:00:00,64,38.0,28.0,67.2,5.0,1021.9,0.0,,,0,21,6,8,1
2023-01-08 22:00:00,42,38.0,28.0,67.2,5.0,1021.0,0.0,,,0,22,6,8,1
2023-01-08 23:00:00,28,38.0,28.9,69.73,3.0,1020.4,0.0,,,0,23,6,8,1
2023-01-09 00:00:00,14,38.5,28.9,68.26,3.0,1019.5,0.0,,,0,0,0,9,0
2023-01-09 01:00:00,15,39.0,30.0,69.85,3.0,1018.5,0.0,,,0,1,0,9,0
2023-01-09 02:00:00,12,39.0,31.45,74.1,3.5,1017.8,0.0,,,0,2,0,9,0
2023-01-09 03:00:00,29,38.5,33.0,80.91499999999999,3.5,1016.8,0.0,,,0,3,0,9,0
2023-01-09 04:00:00,22,39.0,35.0,85.76,0.0,1015.6,0.01,,,0,4,0,9,0
2023-01-09 05:00:00,15,38.0,34.0,85.69,4.0,1014.8,0.0,,,0,5,0,9,0
2023-01-09 06:00:00,33,38.0,34.0,85.69,3.0,1014.9,0.0,,,0,6,0,9,0
2023-01-09 07:00:00,111,38.0,33.666666666666664,84.67999999999999,1.6666666666666667,1014.3,0.0,,,0,7,0,9,0
2023-01-09 08:00:00,134,38.0,33.0,82.66,6.0,1014.5,0.0,,,0,8,0,9,0
2023-01-09 09:00:00,116,39.0,34.0,82.08,5.0,1014.7,0.0,,,0,9,0,9,0
2023-01-09 10:00:00,114,41.0,34.0,75.94,5.0,1014.8,0.0,,,0,10,0,9,0
2023-01-09 11:00:00,124,43.0,30.9,62.06,12.0,1014.4,0.0,,,0,11,0,9,0
2023-01-09 12:00:00,127,45.0,28.9,53.0,7.0,1013.4,0.0,,,0,12,0,9,0
2023-01-09 13:00:00,132,46.0,26.1,45.47,12.0,1012.6,0.0,,,0,13,0,9,0
2023-01-09 14:00:00,131,47.0,26.1,43.95,11.0,1012.0,0.0,,,0,14,0,9,0
2023-01-09 15:00:00,174,47.0,24.1,40.44,12.0,1012.0,0.0,,,0,15,0,9,0
2023-01-09 16:00:00,182,45.0,21.9,39.62,14.0,1012.4,0.0,,,0,16,0,9,0
2023-01-09 17:00:00,180,43.0,21.9,42.77,11.0,1012.7,0.0,,,0,17,0,9,0
2023-01-09 18:00:00,169,42.0,21.9,44.27,8.0,1013.4,0.0,,,0,18,0,9,0
2023-01-09 19:00:00,145,41.0,21.9,46.19,4.0,1013.8,0.0,,,0,19,0,9,0
2023-01-09 20:00:00,90,41.0,21.9,46.19,0.0,1013.5,0.0,,,0,20,0,9,0
2023-01-09 21:00:00,61,39.0,24.1,54.77,6.0,1013.6,0.0,,,0,21,0,9,0
2023-01-09 22:00:00,57,39.0,24.1,54.77,6.0,1013.7,0.0,,,0,22,0,9,0
2023-01-09 23:00:00,32,38.0,23.0,54.6,6.0,1014.1,0.0,,,0,23,0,9,0
2023-01-10 00:00:00,22,38.0,23.0,54.6,6.0,1014.0,0.0,,,0,0,1,10,0
2023-01-10 01:00:00,8,37.0,23.0,56.57,5.0,1014.2,0.0,,,0,1,1,10,0
2023-01-10 02:00:00,7,37.0,23.0,56.57,5.0,1014.8,0.0,,,0,2,1,10,0
2023-01-10 03:00:00,7,34.0,23.0,63.72,4.0,1015.5,0.0,,,0,3,1,10,0
2023-01-10 04:00:00,6,35.0,24.1,63.86,7.0,1015.3,0.0,,,0,4,1,10,0
2023-01-10 05:00:00,18,36.0,24.1,61.62,7.0,1015.7,0.0,,,0,5,1,10,0
2023-01-10 06:00:00,45,36.0,25.0,63.98,7.0,1016.3,0.0,,,0,6,1,10,0
2023-01-10 07:00:00,114,37.0,25.0,61.5,7.0,1016.5,0.0,,,0,7,1,10,0
2023-01-10 08:00:00,132,38.0,26.1,62.14,6.0,1017.0,0.0,,,0,8,1,10,0
2023-01-10 09:00:00,149,39.0,26.1,59.52,7.0,1017.5,0.0,,,0,9,1,10,0
2023-01-10 10:00:00,108,39.0,27.0,61.78,8.0,1018.0,0.0,,,0,10,1,10,0
2023-01-10 11:00:00,133,40.0,27.0,59.65,8.0,1017.8,0.0,,,0,11,1,10,0
2023-01-10 12:00:00,120,41.0,27.0,57.15,8.0,1017.0,0.0,,,0,12,1,10,0
2023-01-10 13:00:00,114,42.0,27.0,54.78,9.0,1016.6,0.0,,,0,13,1,10,0
2023-01-10 14:00:00,156,42.0,27.0,54.78,9.0,1016.6,0.0,,,0,14,1,10,0
2023-01-10 15:00:00,161,42.0,28.0,57.08,7.0,1016.5,0.0,,,0,15,1,10,0
2023-01-10 16:00:00,156,42.0,28.0,57.08,8.0,1016.8,0.0,,,0,16,1,10,0
2023-01-10 17:00:00,176,42.0,28.0,57.08,6.0,1017.2,0.0,,,0,17,1,10,0
2023-01-10 18:00:00,168,42.0,28.0,57.08,7.0,1017.7,0.0,,,0,18,1,10,0
2023-01-10 19:00:00,133,42.0,28.0,57.08,7.0,1018.2,0.0,,,0,19,1,10,0
2023-01-10 20:00:00,94,42.0,25.0,50.42,8.0,1018.7,0.0,,,0,20,1,10,0
2023-01-10 21:00:00,54,41.0,25.0,52.61,7.0,1019.0,0.0,,,0,21,1,10,0
2023-01-10 22:00:00,54,41.0,24.1,50.67,6.0,1019.5,0.0,,,0,22,1,10,0
2023-01-10 23:00:00,36,40.0,25.0,54.9,4.0,1019.7,0.0,,,0,23,1,10,0
2023-01-11 00:00:00,33,40.0,25.0,54.9,4.0,1020.2,0.0,,,0,0,2,11,0
2023-01-11 01:00:00,30,40.0,25.0,54.9,6.0,1020.3,0.0,,,0,1,2,11,0
2023-01-11 02:00:00,10,40.0,25.0,54.9,5.0,1020.5,0.0,,,0,2,2,11,0
2023-01-11 03:00:00,10,39.0,26.1,59.52,6.0,1021.3,0.0,,,0,3,2,11,0
2023-01-11 04:00:00,5,38.0,25.0,59.36,10.0,1021.8,0.0,,,0,4,2,11,0
2023-01-11 05:00:00,13,37.0,23.0,56.57,10.0,1022.2,0.0,,,0,5,2,11,0
2023-01-11 06:00:00,41,37.0,24.1,59.24,9.0,1021.9,0.0,,,0,6,2,11,0
2023-01-11 07:00:00,120,36.0,23.0,58.85,9.0,1022.6,0.0,,,0,7,2,11,0
2023-01-11 08:00:00,137,36.0,21.9,56.18,8.0,1023.7,0.0,,,0,8,2,11,0
2023-01-11 09:00:00,154,37.0,23.0,56.57,7.0,1023.8,0.0,,,0,9,2,11,0
2023-01-11 10:00:00,161,38.0,23.0,54.6,6.0,1024.7,0.0,,,0,10,2,11,0
2023-01-11 11:00:00,137,39.0,24.1,54.77,5.0,1024.8,0.0,,,0,11,2,11,0
2023-01-11 12:00:00,131,40.0,24.1,52.88,3.0,1024.4,0.0,,,0,12,2,11,0
2023-01-11 13:00:00,145,41.0,23.0,48.39,5.0,1023.6,0.0,,,0,13,2,11,0
2023-01-11 14:00:00,151,41.0,21.9,46.19,3.0,1023.4,0.0,,,0,14,2,11,0
2023-01-11 15:00:00,182,41.0,21.9,46.19,0.0,1023.6,0.0,,,0,15,2,11,0
2023-01-11 16:00:00,213,41.0,23.0,48.39,4.0,1023.9,0.0,,,0,16,2,11,0
2023-01-11 17:00:00,201,40.0,23.0,50.5,5.0,1024.1,0.0,,,0,17,2,11,0
2023-01-11 18:00:00,199,40.0,25.0,54.9,0.0,1024.4,0.0,,,0,18,2,11,0
2023-01-11 19:00:00,140,40.0,24.1,52.88,6.0,1024.4,0.0,,,0,19,2,11,0
2023-01-11 20:00:00,102,40.0,25.0,54.9,4.0,1024.6,0.0,,,0,20,2,11,0
2023-01-11 21:00:00,78,39.0,25.0,56.86,4.0,1024.5,0.0,,,0,21,2,11,0
2023-01-11 22:00:00,50,39.0,27.0,61.78,5.0,1024.6,0.0,,,0,22,2,11,0
2023-01-11 23:00:00,44,39.0,28.0,64.37,3.0,1024.8,0.0,,,0,23,2,11,0
2023-01-12 00:00:00,26,39.0,28.9,66.79,4.0,1024.2,0.0,,,0,0,3,12,0
2023-01-12 01:00:00,28,40.0,28.9,64.49,6.0,1023.8,0.0,,,0,1,3,12,0
2023-01-12 02:00:00,18,40.0,28.9,64.49,5.0,1023.4,0.0,,,0,2,3,12,0
2023-01-12 03:00:00,19,40.0,30.0,67.45,6.0,1022.8,0.0,,,0,3,3,12,0
2023-01-12 04:00:00,12,41.0,30.9,67.03,6.0,1022.2,0.0,,,0,4,3,12,0
2023-01-12 05:00:00,14,42.0,33.0,70.2,4.0,1021.9,0.0,,,0,5,3,12,0
2023-01-12 06:00:00,39,42.0,34.0,72.78,6.0,1022.0,0.0,,,0,6,3,12,0
2023-01-12 07:00:00,120,43.0,37.0,79.19,5.0,1021.8,0.01,,,0,7,3,12,0
2023-01-12 08:00:00,162,43.0,38.5,83.85,4.0,1021.7,0.05,,,0,8,3,12,0
2023-01-12 09:00:00,163,42.0,39.0,88.67,5.0,1021.6,0.05,,,0,9,3,12,0
2023-01-12 10:00:00,144,44.3,40.1,84.985,5.5,1021.6,0.0,,,0,10,3,12,0
2023-01-12 11:00:00,140,45.0,42.0,89.49,4.0,1020.9,0.0,,,0,11,3,12,0
2023-01-12 12:00:00,117,46.2,42.4,86.675,5.0,1019.3,0.0,,,0,12,3,12,0
2023-01-12 13:00:00,139,48.0,43.0,82.72,4.0,1017.4,0.0,,,0,13,3,12,0
2023-01-12 14:00:00,180,50.0,45.0,82.86,4.0,1016.4,0.0,,,0,14,3,12,0
2023-01-12 15:00:00,173,53.0,44.0,71.4,8.0,1015.3,0.0,,,0,15,3,12,0
2023-01-12 16:00:00,205,53.0,45.0,73.89,8.0,1014.2,0.0,,,0,16,3,12,0
2023-01-12 17:00:00,206,52.0,46.0,79.92,7.0,1012.5,0.0,,,0,17,3,12,0
2023-01-12 18:00:00,220,52.0,47.5,84.475,5.5,1012.0,0.07,,,0,18,3,12,0
2023-01-12 19:00:00,121,52.0,49.0,89.13,6.0,1010.5,0.06,,,0,19,3,12,0
2023-01-12 20:00:00,101,54.0,51.0,89.88,5.0,1009.2,0.01,,,0,20,3,12,0
2023-01-12 21:00:00,81,54.5,52.0,91.255,5.0,1007.8,0.03,,,0,21,3,12,0
2023-01-12 22:00:00,55,55.5,53.0,91.79,4.0,1006.6,0.0,,,0,22,3,12,0
2023-01-12 23:00:00,44,56.0,53.0,90.29,5.0,1005.3,0.0,,,0,23,3,12,0
2023-01-13 00:00:00,29,57.0,53.0,86.77,9.0,1004.2,0.0,,,0,0,4,13,0
2023-01-13 01:00:00,27,57.0,52.0,83.33,10.0,1002.8,0.02,,,0,1,4,13,0
2023-01-13 02:00:00,12,57.0,54.0,89.68,6.0,1001.7,0.08,,,0,2,4,13,0
2023-01-13 03:00:00,10,58.66666666666666,53.86666666666667,84.17666666666666,8.666666666666666,1001.4,0.02,,,0,3,4,13,0
2023-01-13 04:00:00,6,58.0,53.0,84.0,8.0,1000.6,0.0,,,0,4,4,13,0
2023-01-13 05:00:00,15,57.5,52.0,82.0,10.0,999.9,0.0,,,0,5,4,13,0
2023-01-13 06:00:00,47,57.0,50.0,77.38,10.0,1000.6,0.0,,,0,6,4,13,0
2023-01-13 07:00:00,120,56.0,50.0,80.52,10.0,1000.3,0.0,,,0,7,4,13,0
2023-01-13 08:00:00,124,56.0,50.0,80.52,9.0,999.9,0.0,,,0,8,4,13,0
2023-01-13 09:00:00,118,56.0,51.0,83.88,11.0,1000.3,0.0,,,0,9,4,13,0
2023-01-13 10:00:00,128,57.0,51.0,80.6,11.0,1000.1,0.0,,,0,10,4,13,0
2023-01-13 11:00:00,149,57.0,50.0,77.38,13.0,1000.4,0.0,,,0,11,4,13,0
2023-01-13 12:00:00,127,55.0,46.0,71.6,14.0,1000.6,0.0,,,0,12,4,13,0
2023-01-13 13:00:00,131,55.0,45.0,68.93,12.0,999.6,0.0,,,0,13,4,13,0
2023-01-13 14:00:00,165,49.66666666666666,39.66666666666666,68.49333333333333,16.333333333333332,1000.9,0.0,,,0,14,4,13,0
2023-01-13 15:00:00,211,48.0,36.0,62.97,16.0,1001.7,0.0,,,0,15,4,13,0
2023-01-13 16:00:00,214,46.0,32.0,57.87,17.0,1002.6,0.0,,,0,16,4,13,0
2023-01-13 17:00:00,199,43.0,30.0,59.83,14.0,1004.4,0.0,,,0,17,4,13,0
2023-01-13 18:00:00,201,42.0,28.9,59.22,12.0,1005.0,0.0,,,0,18,4,13,0
2023-01-13 19:00:00,150,41.0,28.0,59.55,13.0,1005.0,0.0,,,0,19,4,13,0
2023-01-13 20:00:00,129,41.0,28.0,59.55,11.0,1006.0,0.0,,,0,20,4,13,0
2023-01-13 21:00:00,82,41.0,27.0,57.15,13.0,1006.1,0.0,,,0,21,4,13,0
2023-01-13 22:00:00,87,40.0,26.1,57.47,18.0,1005.6,0.0,,,0,22,4,13,0
2023-01-13 23:00:00,69,39.0,25.0,56.86,13.0,1006.4,0.0,,,0,23,4,13,0
2023-01-14 00:00:00,56,38.0,25.0,59.36,13.0,1006.4,0.0,,,0,0,5,14,1
2023-01-14 01:00:00,45,38.0,25.0,59.36,13.0,1006.0,0.0,,,0,1,5,14,1
2023-01-14 02:00:00,36,37.5,25.0,60.43,16.0,1006.3,0.0,,,0,2,5,14,1
2023-01-14 03:00:00,38,37.0,25.0,61.5,14.0,1007.4,0.0,,,0,3,5,14,1
2023-01-14 04:00:00,30,36.0,25.0,63.98,14.5,1007.5,0.0,,,0,4,5,14,1
2023-01-14 05:00:00,14,36.0,25.0,63.98,15.0,1007.6,0.0,,,0,5,5,14,1
2023-01-14 06:00:00,14,36.0,24.1,61.62,12.0,1007.8,0.0,,,0,6,5,14,1
2023-01-14 07:00:00,30,35.0,23.0,60.99,15.0,1008.3,0.0,,,0,7,5,14,1
2023-01-14 08:00:00,50,35.0,23.55,62.425,15.5,1008.6,0.0,,,0,8,5,14,1
2023-01-14 09:00:00,65,35.5,23.55,61.355,12.5,1009.9,0.0,,,0,9,5,14,1
2023-01-14 10:00:00,115,35.0,21.9,58.22,14.0,1010.7,0.0,,,0,10,5,14,1
2023-01-14 11:00:00,138,35.0,24.1,63.86,17.0,1011.1,0.0,,,0,11,5,14,1
2023-01-14 12:00:00,146,36.333333333333336,23.0,58.09,13.666666666666666,1010.2,0.0,,,0,12,5,14,1
2023-01-14 13:00:00,139,37.0,21.9,54.01,14.0,1010.5,0.0,,,0,13,5,14,1
2023-01-14 14:00:00,110,37.0,21.0,51.99,14.0,1010.1,0.0,,,0,14,5,14,1
2023-01-14 15:00:00,168,37.0,21.0,51.99,16.0,1010.6,0.0,,,0,15,5,14,1
2023-01-14 16:00:00,158,36.0,19.9,51.61,19.0,1011.1,0.0,,,0,16,5,14,1
2023-01-14 17:00:00,155,35.0,19.9,53.49,18.0,1011.8,0.0,,,0,17,5,14,1
2023-01-14 18:00:00,152,35.0,19.9,53.49,16.0,1012.0,0.0,,,0,18,5,14,1
2023-01-14 19:00:00,140,35.0,19.9,53.49,19.0,1012.6,0.0,,,0,19,5,14,1
2023-01-14 20:00:00,142,34.0,19.9,55.88,17.0,1011.8,0.0,,,0,20,5,14,1
2023-01-14 21:00:00,91,34.0,19.9,55.88,20.0,1011.1,0.0,,,0,21,5,14,1
2023-01-14 22:00:00,72,34.0,19.9,55.88,16.0,1013.2,0.0,,,0,22,5,14,1
2023-01-14 23:00:00,65,33.0,19.9,57.93,18.0,1012.8,0.0,,,0,23,5,14,1
2023-01-15 00:00:00,60,33.0,19.9,57.93,12.0,1012.8,0.0,,,0,0,6,15,1
2023-01-15 01:00:00,55,33.0,19.9,57.93,20.0,1013.0,0.0,,,0,1,6,15,1
2023-01-15 02:00:00,38,32.0,19.9,60.55,12.0,1013.3,0.0,,,0,2,6,15,1
2023-01-15 03:00:00,31,32.0,19.9,60.55,17.0,1014.3,0.0,,,0,3,6,15,1
2023-01-15 04:00:00,26,32.0,19.45,59.41,19.0,1014.9,0.0,,,0,4,6,15,1
2023-01-15 05:00:00,16,32.0,19.0,58.27,20.0,1014.8,0.0,,,0,5,6,15,1
2023-01-15 06:00:00,12,32.0,19.9,60.55,21.0,1015.3,0.0,,,0,6,6,15,1
2023-01-15 07:00:00,28,32.0,19.9,60.55,19.0,1016.1,0.0,,,0,7,6,15,1
2023-01-15 08:00:00,33,32.0,19.9,60.55,13.0,1016.7,0.0,,,0,8,6,15,1
2023-01-15 09:00:00,50,34.0,21.0,58.56,18.0,1017.2,0.0,,,0,9,6,15,1
2023-01-15 10:00:00,85,36.0,21.0,54.08,20.0,1017.1,0.0,,,0,10,6,15,1
2023-01-15 11:00:00,102,39.0,21.0,48.06,21.0,1016.8,0.0,,,0,11,6,15,1
2023-01-15 12:00:00,121,41.0,21.9,46.19,20.0,1016.5,0.0,,,0,12,6,15,1
2023-01-15 13:00:00,125,42.0,21.0,42.62,16.0,1016.2,0.0,,,0,13,6,15,1
2023-01-15 14:00:00,125,45.0,19.0,35.02,16.0,1015.5,0.0,,,0,14,6,15,1
2023-01-15 15:00:00,135,45.0,16.0,30.77,18.0,1015.0,0.0,,,0,15,6,15,1
2023-01-15 16:00:00,123,45.0,12.9,26.87,17.0,1015.1,0.0,,,0,16,6,15,1
2023-01-15 17:00:00,140,44.0,16.0,31.85,19.0,1015.8,0.0,,,0,17,6,15,1
2023-01-15 18:00:00,103,42.0,18.0,37.49,14.0,1016.3,0.0,,,0,18,6,15,1
2023-01-15 19:00:00,102,39.0,18.0,42.28,13.0,1016.6,0.0,,,0,19,6,15,1
2023-01-15 20:00:00,93,37.0,14.0,38.44,13.0,1016.6,0.0,,,0,20,6,15,1
2023-01-15 21:00:00,68,36.0,12.0,36.62,13.0,1016.2,0.0,,,0,21,6,15,1
2023-01-15 22:00:00,56,35.0,12.0,37.95,17.0,1016.1,0.0,,,0,22,6,15,1
2023-01-15 23:00:00,49,33.0,12.9,42.77,14.0,1016.3,0.0,,,0,23,6,15,1
2023-01-16 00:00:00,37,33.0,12.9,42.77,12.0,1016.0,0.0,,,0,0,0,16,0
2023-01-16 01:00:00,23,32.0,12.9,44.7,12.0,1015.5,0.0,,,0,1,0,16,0
2023-01-16 02:00:00,9,30.9,12.9,46.74,11.0,1015.6,0.0,,,0,2,0,16,0
2023-01-16 03:00:00,18,30.0,12.9,48.48,13.0,1015.9,0.0,,,0,3,0,16,0
2023-01-16 04:00:00,18,28.9,12.9,50.7,11.0,1015.7,0.0,,,0,4,0,16,0
2023-01-16 05:00:00,13,28.9,12.9,50.7,11.0,1015.7,0.0,,,0,5,0,16,0
2023-01-16 06:00:00,15,28.9,12.0,48.72,11.0,1015.3,0.0,,,0,6,0,16,0
2023-01-16 07:00:00,34,28.9,12.0,48.72,9.0,1015.2,0.0,,,0,7,0,16,0
2023-01-16 08:00:00,40,30.0,12.0,46.59,10.0,1015.2,0.0,,,0,8,0,16,0
2023-01-16 09:00:00,63,33.0,10.9,39.14,9.0,1014.7,0.0,,,0,9,0,16,0
2023-01-16 10:00:00,93,35.0,10.9,36.14,11.0,1014.3,0.0,,,0,10,0,16,0
2023-01-16 11:00:00,91,37.0,10.9,33.52,6.0,1013.4,0.0,,,0,11,0,16,0
2023-01-16 12:00:00,98,41.0,10.9,28.67,5.0,1011.8,0.0,,,0,12,0,16,0
2023-01-16 13:00:00,123,47.0,8.1,20.19,7.0,1010.3,0.0,,,0,13,0,16,0
2023-01-16 14:00:00,117,50.0,6.0,16.42,12.0,1009.2,0.0,,,0,14,0,16,0
2023-01-16 15:00:00,120,51.0,6.0,15.76,12.0,1008.8,0.0,,,0,15,0,16,0
2023-01-16 16:00:00,134,50.0,5.0,15.61,11.0,1008.9,0.0,,,0,16,0,16,0
2023-01-16 17:00:00,132,47.0,5.0,17.54,11.0,1008.8,0.0,,,0,17,0,16,0
2023-01-16 18:00:00,116,45.0,7.0,20.64,5.0,1009.1,0.0,,,0,18,0,16,0
2023-01-16 19:00:00,96,44.0,7.0,21.36,9.0,1009.1,0.0,,,0,19,0,16,0
2023-01-16 20:00:00,65,43.0,8.1,23.42,8.0,1009.2,0.0,,,0,20,0,16,0
2023-01-16 21:00:00,68,42.0,9.0,25.24,10.0,1009.1,0.0,,,0,21,0,16,0
2023-01-16 22:00:00,41,41.0,10.9,28.67,10.0,1009.5,0.0,,,0,22,0,16,0
2023-01-16 23:00:00,20,39.0,14.0,35.54,5.0,1009.1,0.0,,,0,23,0,16,0
2023-01-17 00:00:00,20,37.0,15.1,40.34,5.0,1008.9,0.0,,,0,0,1,17,0
2023-01-17 01:00:00,17,37.0,14.0,38.44,4.0,1008.6,0.0,,,0,1,1,17,0
2023-01-17 02:00:00,10,36.0,14.0,39.99,4.0,1008.6,0.0,,,0,2,1,17,0
2023-01-17 03:00:00,12,36.0,12.9,38.1,6.0,1008.5,0.0,,,0,3,1,17,0
2023-01-17 04:00:00,1,32.0,14.0,46.92,6.0,1008.2,0.0,,,0,4,1,17,0
2023-01-17 05:00:00,16,35.0,14.0,41.44,3.0,1007.7,0.0,,,0,5,1,17,0
2023-01-17 06:00:00,35,33.0,14.0,44.89,6.0,1008.1,0.0,,,0,6,1,17,0
2023-01-17 07:00:00,115,34.0,14.0,43.3,4.0,1007.9,0.0,,,0,7,1,17,0
2023-01-17 08:00:00,148,36.0,15.1,41.96,6.0,1008.2,0.0,,,0,8,1,17,0
2023-01-17 09:00:00,153,40.0,12.9,32.7,6.0,1008.2,0.0,,,0,9,1,17,0
2023-01-17 10:00:00,133,42.0,12.9,30.03,6.0,1007.5,0.0,,,0,10,1,17,0
2023-01-17 11:00:00,122,43.0,12.0,27.87,0.0,1006.7,0.0,,,0,11,1,17,0
2023-01-17 12:00:00,147,45.0,10.9,24.59,5.0,1006.2,0.0,,,0,12,1,17,0
2023-01-17 13:00:00,127,45.0,14.0,28.2,4.0,1004.6,0.0,,,0,13,1,17,0
2023-01-17 14:00:00,145,47.0,15.1,27.54,5.0,1004.3,0.0,,,0,14,1,17,0
2023-01-17 15:00:00,158,47.0,16.0,28.64,3.0,1003.7,0.0,,,0,15,1,17,0
2023-01-17 16:00:00,169,46.7,19.2,33.19,4.5,1004.1,0.0,,,0,16,1,17,0
2023-01-17 17:00:00,161,47.0,19.0,32.59,5.0,1003.9,0.0,,,0,17,1,17,0
2023-01-17 18:00:00,183,47.0,19.0,32.59,7.0,1004.2,0.0,,,0,18,1,17,0
2023-01-17 19:00:00,132,47.0,19.9,33.87,13.0,1004.4,0.0,,,0,19,1,17,0
2023-01-17 20:00:00,94,46.0,23.0,39.96,9.0,1004.5,0.0,,,0,20,1,17,0
2023-01-17 21:00:00,65,46.0,24.1,41.84,7.0,1004.2,0.0,,,0,21,1,17,0
2023-01-17 22:00:00,48,45.0,23.0,41.5,9.0,1004.4,0.0,,,0,22,1,17,0
2023-01-17 23:00:00,35,41.0,26.1,55.07,5.0,1004.2,0.0,,,0,23,1,17,0
2023-01-18 00:00:00,28,40.0,27.0,59.65,4.0,1003.8,0.0,,,0,0,2,18,0
2023-01-18 01:00:00,15,43.0,28.0,55.14,6.0,1003.7,0.0,,,0,1,2,18,0
2023-01-18 02:00:00,12,41.0,30.9,67.03,7.0,1004.1,0.01,,,0,2,2,18,0
2023-01-18 03:00:00,6,42.0,35.0,76.04,7.0,1004.0,0.01,,,0,3,2,18,0
2023-01-18 04:00:00,3,43.0,36.0,76.12,9.0,1004.2,0.0,,,0,4,2,18,0
2023-01-18 05:00:00,12,43.0,36.0,76.12,9.0,1004.7,0.0,,,0,5,2,18,0
2023-01-18 06:00:00,52,43.0,36.0,76.12,7.0,1005.4,0.0,,,0,6,2,18,0
2023-01-18 07:00:00,127,42.0,36.0,78.8,5.0,1006.2,0.0,,,0,7,2,18,0
2023-01-18 08:00:00,152,48.0,40.0,73.38,8.0,1007.1,0.0,,,0,8,2,18,0
2023-01-18 09:00:00,136,50.0,39.0,65.75,10.0,1008.0,0.0,,,0,9,2,18,0
2023-01-18 10:00:00,150,52.0,39.0,61.06,13.0,1008.6,0.0,,,0,10,2,18,0
2023-01-18 11:00:00,123,54.0,36.0,50.42,18.0,1009.0,0.0,,,0,11,2,18,0
2023-01-18 12:00:00,109,56.0,34.0,43.46,17.0,1008.7,0.0,,,0,12,2,18,0
2023-01-18 13:00:00,118,55.0,34.0,44.9,17.0,1008.5,0.0,,,0,13,2,18,0
2023-01-18 14:00:00,141,56.0,33.0,41.92,19.0,1008.8,0.0,,,0,14,2,18,0
2023-01-18 15:00:00,186,56.0,33.0,41.92,18.0,1009.5,0.0,,,0,15,2,18,0
2023-01-18 16:00:00,186,53.0,33.0,46.42,14.0,1010.7,0.0,,,0,16,2,18,0
2023-01-18 17:00:00,189,52.0,33.0,48.34,14.0,1011.7,0.0,,,0,17,2,18,0
2023-01-18 18:00:00,183,51.0,33.0,49.98,15.0,1012.7,0.0,,,0,18,2,18,0
2023-01-18 19:00:00,152,50.0,33.0,52.06,10.0,1013.8,0.0,,,0,19,2,18,0
2023-01-18 20:00:00,95,49.0,34.0,56.23,10.0,1014.5,0.0,,,0,20,2,18,0
2023-01-18 21:00:00,63,47.0,34.0,60.61,5.0,1014.8,0.0,,,0,21,2,18,0
2023-01-18 22:00:00,61,47.0,34.0,60.61,4.0,1015.6,0.0,,,0,22,2,18,0
2023-01-18 23:00:00,42,46.0,34.0,62.71,5.0,1016.0,0.0,,,0,23,2,18,0
2023-01-19 00:00:00,23,43.0,33.0,67.82,5.0,1015.9,0.0,,,0,0,3,19,0
2023-01-19 01:00:00,17,42.0,33.0,70.2,3.0,1015.7,0.0,,,0,1,3,19,0
2023-01-19 02:00:00,7,40.0,32.0,73.14,4.0,1016.5,0.0,,,0,2,3,19,0
2023-01-19 03:00:00,7,40.0,32.0,73.14,6.0,1016.6,0.0,,,0,3,3,19,0
2023-01-19 04:00:00,10,39.0,32.0,75.75,4.0,1016.6,0.0,,,0,4,3,19,0
2023-01-19 05:00:00,16,41.0,32.0,70.08,4.0,1016.2,0.0,,,0,5,3,19,0
2023-01-19 06:00:00,43,42.0,33.0,70.2,0.0,1017.3,0.0,,,0,6,3,19,0
2023-01-19 07:00:00,120,43.0,33.0,67.82,3.0,1017.3,0.0,,,0,7,3,19,0
2023-01-19 08:00:00,141,42.0,33.0,70.2,3.0,1017.5,0.0,,,0,8,3,19,0
2023-01-19 09:00:00,172,43.0,35.0,73.45,0.0,1017.3,0.01,,,0,9,3,19,0
2023-01-19 10:00:00,151,42.0,36.0,78.8,5.0,1016.3,0.05,,,0,10,3,19,0
2023-01-19 11:00:00,146,42.0,38.0,84.93,4.0,1015.9,0.08,,,0,11,3,19,0
2023-01-19 12:00:00,143,42.4,39.1,87.83,3.5,1014.8,0.06,,,0,12,3,19,0
2023-01-19 13:00:00,143,42.0,39.0,88.67,5.0,1012.9,0.05,,,0,13,3,19,0
2023-01-19 14:00:00,152,42.0,39.0,88.67,4.5,1011.9,0.04,,,0,14,3,19,0
2023-01-19 15:00:00,195,42.0,39.0,88.67,6.0,1011.9,0.05,,,0,15,3,19,0
2023-01-19 16:00:00,188,43.0,40.0,88.71,7.0,1010.6,0.19,,,0,16,3,19,0
2023-01-19 17:00:00,231,43.0,41.0,92.58,6.0,1009.0,0.08,,,0,17,3,19,0
2023-01-19 18:00:00,217,43.0,41.0,92.58,6.0,1007.5,0.05,,,0,18,3,19,0
2023-01-19 19:00:00,177,43.0,41.0,92.58,5.0,1006.3,0.03,,,0,19,3,19,0
2023-01-19 20:00:00,138,42.5,40.5,92.21,7.5,1004.3,0.08,,,0,20,3,19,0
2023-01-19 21:00:00,88,42.0,40.0,91.84,11.5,1002.4,0.1,,,0,21,3,19,0
2023-01-19 22:00:00,70,42.0,39.333333333333336,89.72666666666667,12.0,1003.4,0.25,,,0,22,3,19,0
2023-01-19 23:00:00,40,41.0,39.0,92.52,8.0,1001.3,0.06,,,0,23,3,19,0
2023-01-20 00:00:00,43,43.0,40.0,88.71,5.0,1001.5,0.0,,,0,0,4,20,0
2023-01-20 01:00:00,19,43.0,39.5,87.185,5.5,1001.2,0.0,,,0,1,4,20,0
2023-01-20 02:00:00,11,43.0,39.0,85.66,3.0,1002.3,0.0,,,0,2,4,20,0
2023-01-20 03:00:00,10,42.0,39.0,88.67,4.0,1002.4,0.0,,,0,3,4,20,0
2023-01-20 04:00:00,9,42.0,40.0,91.84,4.0,1002.6,0.0,,,0,4,4,20,0
2023-01-20 05:00:00,11,41.0,38.0,88.62,4.0,1002.7,0.0,,,0,5,4,20,0
2023-01-20 06:00:00,32,40.0,38.0,92.48,4.0,1002.8,0.0,,,0,6,4,20,0
2023-01-20 07:00:00,120,43.0,39.0,85.66,10.0,1002.9,0.0,,,0,7,4,20,0
2023-01-20 08:00:00,133,45.0,37.0,73.37,13.0,1003.0,0.0,,,0,8,4,20,0
2023-01-20 09:00:00,129,46.0,37.0,70.64,12.0,1003.6,0.0,,,0,9,4,20,0
2023-01-20 10:00:00,137,48.0,37.0,65.51,16.0,1004.0,0.0,,,0,10,4,20,0
2023-01-20 11:00:00,120,50.0,35.0,56.39,17.0,1004.0,0.0,,,0,11,4,20,0
2023-01-20 12:00:00,131,50.0,32.0,49.81,18.0,1004.0,0.0,,,0,12,4,20,0
2023-01-20 13:00:00,117,48.0,33.0,56.1,17.0,1004.4,0.0,,,0,13,4,20,0
2023-01-20 14:00:00,170,48.0,32.0,53.67,17.0,1005.1,0.0,,,0,14,4,20,0
2023-01-20 15:00:00,188,48.0,30.9,51.34,15.0,1005.5,0.0,,,0,15,4,20,0
2023-01-20 16:00:00,185,48.0,30.9,51.34,14.0,1006.8,0.0,,,0,16,4,20,0
2023-01-20 17:00:00,199,48.0,30.0,49.49,14.0,1008.0,0.0,,,0,17,4,20,0
2023-01-20 18:00:00,178,46.0,30.9,55.36,12.0,1008.9,0.0,,,0,18,4,20,0
2023-01-20 19:00:00,170,45.0,30.0,55.43,12.0,1010.1,0.0,,,0,19,4,20,0
2023-01-20 20:00:00,102,44.0,30.0,57.37,9.0,1010.6,0.0,,,0,20,4,20,0
2023-01-20 21:00:00,94,44.0,30.0,57.37,11.0,1011.4,0.0,,,0,21,4,20,0
2023-01-20 22:00:00,85,43.0,30.0,59.83,10.0,1012.1,0.0,,,0,22,4,20,0
2023-01-20 23:00:00,76,42.0,30.0,61.94,8.0,1012.5,0.0,,,0,23,4,20,0
2023-01-21 00:00:00,64,42.0,30.0,61.94,5.0,1013.3,0.0,,,0,0,5,21,1
2023-01-21 01:00:00,48,42.0,30.9,64.24,8.5,1013.6,0.0,,,0,1,5,21,1
2023-01-21 02:00:00,35,42.0,30.45,63.09,8.0,1014.1,0.0,,,0,2,5,21,1
2023-01-21 03:00:00,29,41.0,28.9,61.79,5.0,1014.9,0.0,,,0,3,5,21,1
2023-01-21 04:00:00,25,41.0,27.0,57.15,9.0,1015.3,0.0,,,0,4,5,21,1
2023-01-21 05:00:00,14,39.0,24.1,54.77,17.0,1016.3,0.0,,,0,5,5,21,1
2023-01-21 06:00:00,15,39.0,24.1,54.77,12.0,1017.0,0.0,,,0,6,5,21,1
2023-01-21 07:00:00,31,39.0,24.1,54.77,12.0,1018.1,0.0,,,0,7,5,21,1
2023-01-21 08:00:00,40,39.0,24.1,54.77,11.0,1019.2,0.0,,,0,8,5,21,1
2023-01-21 09:00:00,71,39.0,25.0,56.86,13.0,1020.0,0.0,,,0,9,5,21,1
2023-01-21 10:00:00,98,40.0,25.0,54.9,14.0,1021.0,0.0,,,0,10,5,21,1
2023-01-21 11:00:00,134,41.0,25.0,52.61,12.0,1021.3,0.0,,,0,11,5,21,1
2023-01-21 12:00:00,121,42.0,25.0,50.42,11.0,1021.2,0.0,,,0,12,5,21,1
2023-01-21 13:00:00,141,42.0,25.0,50.42,12.0,1020.8,0.0,,,0,13,5,21,1
2023-01-21 14:00:00,123,42.0,25.0,50.42,10.0,1020.8,0.0,,,0,14,5,21,1
2023-01-21 15:00:00,166,41.0,24.1,50.67,8.0,1021.3,0.0,,,0,15,5,21,1
2023-01-21 16:00:00,163,41.0,24.1,50.67,7.0,1021.6,0.0,,,0,16,5,21,1
2023-01-21 17:00:00,155,40.0,24.1,52.88,9.0,1022.4,0.0,,,0,17,5,21,1
2023-01-21 18:00:00,155,40.0,24.1,52.88,4.0,1022.8,0.0,,,0,18,5,21,1
2023-01-21 19:00:00,149,39.0,24.1,54.77,7.0,1023.2,0.0,,,0,19,5,21,1
2023-01-21 20:00:00,109,39.0,24.1,54.77,9.0,1023.6,0.0,,,0,20,5,21,1
2023-01-21 21:00:00,83,39.0,24.1,54.77,4.0,1023.6,0.0,,,0,21,5,21,1
2023-01-21 22:00:00,77,38.0,24.1,57.18,3.0,1023.7,0.0,,,0,22,5,21,1
2023-01-21 23:00:00,94,38.0,24.1,57.18,3.0,1023.6,0.0,,,0,23,5,21,1
2023-01-22 00:00:00,53,38.0,24.1,57.18,3.0,1023.3,0.0,,,0,0,6,22,1
2023-01-22 01:00:00,56,38.0,24.1,57.18,6.0,1023.1,0.0,,,0,1,6,22,1
2023-01-22 02:00:00,47,38.0,24.1,57.18,7.0,1023.6,0.0,,,0,2,6,22,1
2023-01-22 03:00:00,47,37.0,24.1,59.24,8.0,1023.8,0.0,,,0,3,6,22,1
2023-01-22 04:00:00,37,38.0,23.0,54.6,5.0,1023.2,0.0,,,0,4,6,22,1
2023-01-22 05:00:00,23,37.0,24.1,59.24,3.0,1022.7,0.0,,,0,5,6,22,1
2023-01-22 06:00:00,19,38.0,24.1,57.18,3.0,1022.7,0.0,,,0,6,6,22,1
2023-01-22 07:00:00,17,38.0,25.0,59.36,4.0,1022.4,0.0,,,0,7,6,22,1
2023-01-22 08:00:00,22,38.0,26.1,62.14,6.0,1022.1,0.0,,,0,8,6,22,1
2023-01-22 09:00:00,43,39.0,26.1,59.52,6.0,1022.9,0.0,,,0,9,6,22,1
2023-01-22 10:00:00,69,40.0,25.0,54.9,7.0,1021.8,0.0,,,0,10,6,22,1
2023-01-22 11:00:00,91,41.0,24.1,50.67,5.0,1020.8,0.0,,,0,11,6,22,1
2023-01-22 12:00:00,114,42.0,26.1,52.78,5.0,1020.0,0.0,,,0,12,6,22,1
2023-01-22 13:00:00,132,42.0,26.1,52.78,8.0,1018.9,0.0,,,0,13,6,22,1
2023-01-22 14:00:00,118,42.0,26.1,52.78,6.0,1017.8,0.0,,,0,14,6,22,1
2023-01-22 15:00:00,126,42.0,28.0,57.08,5.0,1017.4,0.0,,,0,15,6,22,1
2023-01-22 16:00:00,132,42.0,29.45,60.58,3.5,1016.8,0.0,,,0,16,6,22,1
2023-01-22 17:00:00,132,41.0,30.9,67.03,4.0,1015.6,0.0,,,0,17,6,22,1
2023-01-22 18:00:00,130,40.0,34.0,79.25,3.0,1014.2,0.03,,,0,18,6,22,1
2023-01-22 19:00:00,117,40.0,35.0,82.8,0.0,1014.4,0.05,,,0,19,6,22,1
2023-01-22 20:00:00,84,39.0,36.0,88.87,7.5,1013.4,0.2299999999999999,,,0,20,6,22,1
2023-01-22 21:00:00,71,39.0,36.0,88.87,10.0,1011.3,0.06,,,0,21,6,22,1
2023-01-22 22:00:00,54,39.0,36.0,88.87,11.0,1009.8,0.03,,,0,22,6,22,1
2023-01-22 23:00:00,40,38.0,36.0,92.78,13.0,1007.8,0.12,,,0,23,6,22,1
2023-01-23 00:00:00,25,38.0,36.0,92.78,13.0,1006.0,0.1,,,0,0,0,23,0
2023-01-23 01:00:00,14,38.0,35.0,89.53,14.0,1003.8,0.08,,,0,1,0,23,0
2023-01-23 02:00:00,15,38.0,36.0,92.78,14.0,1002.4,0.06,,,0,2,0,23,0
2023-01-23 03:00:00,12,39.0,37.0,92.45,12.0,1001.2,0.0,,,0,3,0,23,0
2023-01-23 04:00:00,7,40.0,38.0,92.48,11.0,1000.4,0.01,,,0,4,0,23,0
2023-01-23 05:00:00,10,39.66666666666666,37.66666666666666,92.47,10.333333333333334,1000.4,0.01,,,0,5,0,23,0
2023-01-23 06:00:00,35,39.0,37.0,92.45,15.0,999.7,0.0,,,0,6,0,23,0
2023-01-23 07:00:00,120,40.0,37.0,89.27,9.0,999.8,0.01,,,0,7,0,23,0
2023-01-23 08:00:00,149,41.0,37.0,85.54,8.0,999.9,0.01,,,0,8,0,23,0
2023-01-23 09:00:00,141,41.0,37.0,85.54,8.0,1000.6,0.0,,,0,9,0,23,0
2023-01-23 10:00:00,148,40.0,36.5,87.53999999999999,10.5,1001.3,0.03,,,0,10,0,23,0
2023-01-23 11:00:00,144,40.0,36.0,85.81,8.666666666666666,1001.1,0.05,,,0,11,0,23,0
2023-01-23 12:00:00,135,40.0,36.0,85.81,11.5,1000.8,0.03,,,0,12,0,23,0
2023-01-23 13:00:00,140,38.66666666666666,34.666666666666664,85.73666666666668,11.333333333333334,1001.2,0.05,,,0,13,0,23,0
2023-01-23 14:00:00,141,39.0,34.5,84.245,11.5,1001.8,0.03,,,0,14,0,23,0
2023-01-23 15:00:00,186,40.0,33.0,76.44,16.0,1003.4,0.01,,,0,15,0,23,0
2023-01-23 16:00:00,171,40.0,34.0,79.25,15.0,1004.8,0.0,,,0,16,0,23,0
2023-01-23 17:00:00,186,41.0,30.9,67.03,16.0,1005.9,0.0,,,0,17,0,23,0
2023-01-23 18:00:00,201,40.0,28.9,64.49,19.0,1007.6,0.0,,,0,18,0,23,0
2023-01-23 19:00:00,139,39.0,27.0,61.78,18.0,1009.5,0.0,,,0,19,0,23,0
2023-01-23 20:00:00,102,38.0,26.1,62.14,10.0,1011.0,0.0,,,0,20,0,23,0
2023-01-23 21:00:00,77,37.0,25.0,61.5,17.0,1012.5,0.0,,,0,21,0,23,0
2023-01-23 22:00:00,55,37.0,24.1,59.24,16.0,1013.7,0.0,,,0,22,0,23,0
2023-01-23 23:00:00,39,38.0,24.1,57.18,13.0,1014.4,0.0,,,0,23,0,23,0
2023-01-24 00:00:00,20,37.0,21.9,54.01,17.0,1015.2,0.0,,,0,0,1,24,0
2023-01-24 01:00:00,13,36.0,21.9,56.18,12.0,1015.3,0.0,,,0,1,1,24,0
2023-01-24 02:00:00,8,37.0,21.9,54.01,9.0,1016.2,0.0,,,0,2,1,24,0
2023-01-24 03:00:00,8,37.0,23.0,56.57,6.0,1016.6,0.0,,,0,3,1,24,0
2023-01-24 04:00:00,6,37.0,23.0,56.57,8.0,1016.9,0.0,,,0,4,1,24,0
2023-01-24 05:00:00,8,36.0,24.1,61.62,10.0,1017.1,0.0,,,0,5,1,24,0
2023-01-24 06:00:00,42,37.0,24.1,59.24,9.0,1017.9,0.0,,,0,6,1,24,0
2023-01-24 07:00:00,121,37.0,24.1,59.24,10.0,1018.5,0.0,,,0,7,1,24,0
2023-01-24 08:00:00,148,37.0,24.1,59.24,9.0,1018.7,0.0,,,0,8,1,24,0
2023-01-24 09:00:00,155,38.0,24.1,57.18,10.0,1019.7,0.0,,,0,9,1,24,0
2023-01-24 10:00:00,148,41.0,24.1,50.67,14.0,1020.1,0.0,,,0,10,1,24,0
2023-01-24 11:00:00,117,44.0,23.0,42.95,13.0,1019.8,0.0,,,0,11,1,24,0
2023-01-24 12:00:00,119,47.0,24.1,40.44,12.0,1019.4,0.0,,,0,12,1,24,0
2023-01-24 13:00:00,138,47.0,25.0,41.99,14.0,1019.3,0.0,,,0,13,1,24,0
2023-01-24 14:00:00,165,49.0,26.1,40.77,22.0,1019.4,0.0,,,0,14,1,24,0
2023-01-24 15:00:00,176,48.0,26.1,42.17,13.0,1020.2,0.0,,,0,15,1,24,0
2023-01-24 16:00:00,205,44.0,24.1,44.98,16.0,1021.6,0.0,,,0,16,1,24,0
2023-01-24 17:00:00,200,43.0,23.0,44.8,13.0,1022.3,0.0,,,0,17,1,24,0
2023-01-24 18:00:00,185,42.0,24.1,48.56,13.0,1023.0,0.0,,,0,18,1,24,0
2023-01-24 19:00:00,142,42.0,24.1,48.56,12.0,1023.9,0.0,,,0,19,1,24,0
2023-01-24 20:00:00,117,42.0,23.0,46.37,9.0,1024.3,0.0,,,0,20,1,24,0
2023-01-24 21:00:00,81,42.0,21.9,44.27,11.0,1025.0,0.0,,,0,21,1,24,0
2023-01-24 22:00:00,51,41.0,21.9,46.19,11.0,1025.8,0.0,,,0,22,1,24,0
2023-01-24 23:00:00,40,41.0,23.0,48.39,8.0,1025.8,0.0,,,0,23,1,24,0
2023-01-25 00:00:00,14,39.0,21.0,48.06,6.0,1025.4,0.0,,,0,0,2,25,0
2023-01-25 01:00:00,11,38.0,21.0,50.18,4.0,1025.3,0.0,36.788291931152344,-25.788291931152344,1,1,2,25,0
2023-01-25 02:00:00,6,37.0,21.9,54.01,3.0,1025.5,0.0,35.142093658447266,-29.142093658447266,1,2,2,25,0
2023-01-25 03:00:00,9,36.0,23.0,58.85,4.0,1026.0,0.0,31.17513084411621,-22.17513084411621,1,3,2,25,0
2023-01-25 04:00:00,8,35.0,23.0,60.99,3.0,1025.4,0.0,8.413042068481445,-0.4130420684814453,1,4,2,25,0
2023-01-25 05:00:00,17,37.0,21.9,54.01,4.0,1026.8,0.0,30.589502334594727,-13.589502334594727,1,5,2,25,0
2023-01-25 06:00:00,54,37.0,23.0,56.57,0.0,1027.4,0.0,36.939109802246094,17.060890197753906,1,6,2,25,0
2023-01-25 07:00:00,95,37.0,21.9,54.01,6.0,1026.5,0.0,123.08818817138672,-28.08818817138672,1,7,2,25,0
2023-01-25 08:00:00,157,37.0,23.0,56.57,5.0,1025.7,0.0,136.13455200195312,20.865447998046875,1,8,2,25,0
2023-01-25 09:00:00,139,39.0,24.1,54.77,0.0,1026.3,0.0,143.1577606201172,-4.1577606201171875,1,9,2,25,0
2023-01-25 10:00:00,143,40.0,23.0,50.5,6.0,1025.0,0.0,155.9064483642578,-12.906448364257812,1,10,2,25,0
2023-01-25 11:00:00,149,41.0,23.0,48.39,6.0,1025.1,0.0,148.12484741210938,0.875152587890625,1,11,2,25,0
2023-01-25 12:00:00,146,41.0,27.0,57.15,6.0,1024.4,0.0,117.79258728027344,28.207412719726562,1,12,2,25,0
2023-01-25 13:00:00,152,41.5,29.45,61.925,3.5,1023.0,0.0,131.35020446777344,20.649795532226562,1,13,2,25,0
2023-01-25 14:00:00,165,36.46666666666667,30.666666666666668,79.28,8.0,1020.5,0.13,123.98502349853516,41.014976501464844,1,14,2,25,0
2023-01-25 15:00:00,192,38.0,34.333333333333336,86.96999999999998,8.0,1018.4,0.13,170.74652099609375,21.25347900390625,1,15,2,25,0
2023-01-25 16:00:00,199,39.0,36.0,88.87,5.0,1017.0,0.05,171.5468292236328,27.453170776367188,1,16,2,25,0
2023-01-25 17:00:00,228,41.0,37.0,85.54,7.0,1013.7,0.03,197.4967803955078,30.503219604492188,1,17,2,25,0
2023-01-25 18:00:00,220,45.0,41.0,85.77,15.0,1011.9,0.0,183.21986389160156,36.78013610839844,1,18,2,25,0
2023-01-25 19:00:00,198,46.0,43.0,89.2,13.0,1010.1,0.09,148.1702423095703,49.82975769042969,1,19,2,25,0
2023-01-25 20:00:00,164,49.0,46.0,89.67,16.0,1006.2,0.19,99.43775177001953,64.56224822998047,1,20,2,25,0
2023-01-25 21:00:00,88,52.0,49.0,89.13,17.0,1003.7,0.15,64.57476043701172,23.42523956298828,1,21,2,25,0
2023-01-25 22:00:00,74,54.0,51.0,89.88,11.0,1002.2,0.11,61.716915130615234,12.283084869384766,1,22,2,25,0
2023-01-25 23:00:00,46,56.0,53.0,90.29,15.0,999.4,0.16,57.241661071777344,-11.241661071777344,1,23,2,25,0
2023-01-26 00:00:00,28,58.0,55.0,90.04,15.0,998.6,0.05,31.491626739501953,-3.491626739501953,1,0,3,26,0
2023-01-26 01:00:00,13,58.0,55.0,90.04,14.0,996.8,0.1,27.223228454589844,-14.223228454589844,1,1,3,26,0
2023-01-26 02:00:00,11,56.0,54.0,93.20666666666666,8.666666666666666,996.7,0.33,36.006107330322266,-25.006107330322266,1,2,3,26,0
2023-01-26 03:00:00,6,54.0,50.0,86.29,13.0,996.2,0.21,29.122940063476562,-23.122940063476562,1,3,3,26,0
2023-01-26 04:00:00,8,51.4,46.7,83.61,10.0,996.7,0.0,23.12580108642578,-15.125801086425781,1,4,3,26,0
2023-01-26 05:00:00,12,49.0,44.0,83.42,11.0,997.0,0.0,27.949493408203125,-15.949493408203125,1,5,3,26,0
2023-01-26 06:00:00,56,47.0,41.0,79.82,14.0,998.1,0.0,54.79486083984375,1.20513916015625,1,6,3,26,0
2023-01-26 07:00:00,126,45.66666666666666,37.0,71.45,16.333333333333332,999.1,0.0,102.30767822265625,23.69232177734375,1,7,3,26,0
2023-01-26 08:00:00,138,45.0,34.0,65.13,20.0,1000.0,0.0,136.98988342285156,1.0101165771484375,1,8,3,26,0
2023-01-26 09:00:00,120,45.0,33.0,62.83,16.0,1001.2,0.0,156.84112548828125,-36.84112548828125,1,9,3,26,0
2023-01-26 10:00:00,147,46.0,32.0,57.87,23.0,1002.0,0.0,158.24884033203125,-11.24884033203125,1,10,3,26,0
2023-01-26 11:00:00,132,46.0,28.9,51.03,23.0,1002.5,0.0,142.74835205078125,-10.74835205078125,1,11,3,26,0
2023-01-26 12:00:00,139,45.0,28.0,51.08,24.0,1003.0,0.0,152.49021911621094,-13.490219116210938,1,12,3,26,0
2023-01-26 13:00:00,149,46.0,28.0,49.18,17.0,1003.2,0.0,147.32081604003906,1.6791839599609375,1,13,3,26,0
2023-01-26 14:00:00,170,45.0,27.0,49.02,22.0,1003.6,0.0,167.19122314453125,2.80877685546875,1,14,3,26,0
2023-01-26 15:00:00,173,45.0,27.0,49.02,18.0,1004.6,0.0,197.14015197753906,-24.140151977539062,1,15,3,26,0
2023-01-26 16:00:00,200,45.0,26.1,47.23,23.0,1005.9,0.0,206.40191650390625,-6.40191650390625,1,16,3,26,0
2023-01-26 17:00:00,214,45.0,24.1,43.46,20.0,1007.1,0.0,194.06761169433594,19.932388305664062,1,17,3,26,0
2023-01-26 18:00:00,235,44.0,24.1,44.98,17.0,1008.3,0.0,200.23081970214844,34.76918029785156,1,18,3,26,0
2023-01-26 19:00:00,160,43.0,25.0,48.7,14.0,1009.4,0.0,157.62998962402344,2.3700103759765625,1,19,3,26,0
2023-01-26 20:00:00,146,43.0,25.0,48.7,13.0,1010.4,0.0,121.50399017333984,24.496009826660156,1,20,3,26,0
2023-01-26 21:00:00,95,42.0,25.0,50.42,14.0,1011.1,0.0,97.20325469970703,-2.2032546997070312,1,21,3,26,0
2023-01-26 22:00:00,84,41.0,26.1,55.07,9.0,1011.8,0.0,56.54328155517578,27.45671844482422,1,22,3,26,0
2023-01-26 23:00:00,67,41.0,26.1,55.07,12.0,1012.2,0.0,43.62407302856445,23.375926971435547,1,23,3,26,0
2023-01-27 00:00:00,49,40.0,26.1,57.47,10.0,1012.7,0.0,38.05629348754883,10.943706512451172,1,0,4,27,0
2023-01-27 01:00:00,27,38.0,27.0,64.49,11.0,1013.5,0.0,26.628860473632812,0.3711395263671875,1,1,4,27,0
2023-01-27 02:00:00,15,36.0,26.1,66.97,8.0,1014.4,0.0,20.77129554748535,-5.771295547485352,1,2,4,27,0
2023-01-27 03:00:00,11,35.0,25.0,66.31,5.0,1015.3,0.0,33.703392028808594,-22.703392028808594,1,3,4,27,0
2023-01-27 04:00:00,9,36.0,26.1,66.97,4.0,1015.5,0.0,18.085439682006836,-9.085439682006836,1,4,4,27,0
2023-01-27 05:00:00,14,35.0,26.1,69.41,3.0,1015.8,0.0,24.357391357421875,-10.357391357421875,1,5,4,27,0
2023-01-27 06:00:00,33,33.0,26.1,75.18,6.0,1016.7,0.0,36.64446258544922,-3.6444625854492188,1,6,4,27,0
2023-01-27 07:00:00,109,35.0,27.0,72.04,6.0,1017.7,0.0,96.57876586914062,12.421234130859375,1,7,4,27,0
2023-01-27 08:00:00,139,36.0,28.0,72.43,4.0,1018.7,0.0,117.87124633789062,21.128753662109375,1,8,4,27,0
2023-01-27 09:00:00,129,39.0,28.9,66.79,7.0,1019.2,0.0,119.78268432617188,9.217315673828125,1,9,4,27,0
2023-01-27 10:00:00,115,42.0,30.0,61.94,6.0,1019.9,0.0,137.26400756835938,-22.264007568359375,1,10,4,27,0
2023-01-27 11:00:00,118,41.0,27.0,57.15,11.0,1020.1,0.0,120.61332702636719,-2.6133270263671875,1,11,4,27,0
2023-01-27 12:00:00,107,42.0,27.0,54.78,9.0,1019.2,0.0,127.94963073730469,-20.949630737304688,1,12,4,27,0
2023-01-27 13:00:00,122,42.0,23.0,46.37,10.0,1018.4,0.0,142.79827880859375,-20.79827880859375,1,13,4,27,0
2023-01-27 14:00:00,152,43.0,19.0,37.81,8.0,1018.4,0.0,154.16761779785156,-2.1676177978515625,1,14,4,27,0
2023-01-27 15:00:00,176,43.0,19.0,37.81,12.0,1019.0,0.0,179.0622100830078,-3.0622100830078125,1,15,4,27,0
2023-01-27 16:00:00,184,42.0,18.0,37.49,10.0,1019.5,0.0,180.94422912597656,3.0557708740234375,1,16,4,27,0
2023-01-27 17:00:00,190,41.0,19.9,42.44,10.0,1020.1,0.0,200.00978088378906,-10.009780883789062,1,17,4,27,0
2023-01-27 18:00:00,211,40.0,19.9,44.29,7.0,1020.7,0.0,197.1440887451172,13.855911254882812,1,18,4,27,0
2023-01-27 19:00:00,155,39.0,21.0,48.06,6.0,1021.2,0.0,142.18362426757812,12.816375732421875,1,19,4,27,0
2023-01-27 20:00:00,116,37.0,21.0,51.99,8.0,1021.8,0.0,115.04918670654297,0.9508132934570312,1,20,4,27,0
2023-01-27 21:00:00,99,36.0,21.9,56.18,7.0,1022.5,0.0,93.3284912109375,5.6715087890625,1,21,4,27,0
2023-01-27 22:00:00,74,36.0,21.0,54.08,7.0,1022.5,0.0,82.88398742675781,-8.883987426757812,1,22,4,27,0
2023-01-27 23:00:00,72,32.0,19.9,60.55,6.0,1022.1,0.0,49.05101776123047,22.94898223876953,1,23,4,27,0
2023-01-28 00:00:00,69,35.0,21.0,56.05,4.0,1021.6,0.0,68.70618438720703,0.29381561279296875,1,0,5,28,1
2023-01-28 01:00:00,57,33.0,21.0,60.71,4.0,1021.8,0.0,45.34197998046875,11.65802001953125,1,1,5,28,1
2023-01-28 02:00:00,42,32.0,21.0,63.45,3.0,1022.1,0.0,31.199525833129883,10.800474166870117,1,2,5,28,1
2023-01-28 03:00:00,35,36.0,22.45,57.395,5.0,1022.0,0.0,50.760807037353516,-15.760807037353516,1,3,5,28,1
2023-01-28 04:00:00,31,37.0,23.0,56.57,12.5,1022.0,0.0,37.04169845581055,-6.041698455810547,1,4,5,28,1
2023-01-28 05:00:00,16,37.0,24.1,59.24,7.0,1021.9,0.0,31.202552795410156,-15.202552795410156,1,5,5,28,1
2023-01-28 06:00:00,16,36.0,25.0,63.98,6.0,1022.1,0.0,21.898460388183594,-5.898460388183594,1,6,5,28,1
2023-01-28 07:00:00,39,35.0,24.1,63.86,5.0,1022.3,0.0,45.708709716796875,-6.708709716796875,1,7,5,28,1
2023-01-28 08:00:00,51,36.0,25.0,63.98,7.0,1022.8,0.0,61.722293853759766,-10.722293853759766,1,8,5,28,1
2023-01-28 09:00:00,78,40.0,26.1,57.47,7.5,1023.7,0.0,76.95657348632812,1.043426513671875,1,9,5,28,1
2023-01-28 10:00:00,89,44.0,26.1,48.88,11.0,1024.2,0.0,105.25341033935547,-16.25341033935547,1,10,5,28,1
2023-01-28 11:00:00,108,48.0,27.0,43.77,9.0,1024.4,0.0,108.34940338134766,-0.34940338134765625,1,11,5,28,1
2023-01-28 12:00:00,122,53.0,26.1,34.9,18.0,1023.7,0.0,115.12120056152344,6.8787994384765625,1,12,5,28,1
2023-01-28 13:00:00,129,53.0,23.0,30.67,15.0,1023.3,0.0,117.06703186035156,11.932968139648438,1,13,5,28,1
2023-01-28 14:00:00,131,54.0,23.0,29.67,13.0,1022.9,0.0,110.99154663085938,20.008453369140625,1,14,5,28,1
2023-01-28 15:00:00,149,53.0,24.1,32.11,11.0,1023.5,0.0,139.53125,9.46875,1,15,5,28,1
2023-01-28 16:00:00,152,53.0,23.0,30.67,9.0,1024.0,0.0,139.67762756347656,12.322372436523438,1,16,5,28,1
2023-01-28 17:00:00,120,52.0,24.1,33.44,7.0,1024.6,0.0,129.49209594726562,-9.492095947265625,1,17,5,28,1
2023-01-28 18:00:00,128,50.0,26.1,39.14,8.0,1025.3,0.0,136.096435546875,-8.096435546875,1,18,5,28,1
2023-01-28 19:00:00,105,50.0,28.0,42.33,10.0,1026.0,0.0,129.4744110107422,-24.474411010742188,1,19,5,28,1
2023-01-28 20:00:00,112,50.0,28.0,42.33,10.0,1026.1,0.0,115.09431457519531,-3.0943145751953125,1,20,5,28,1
2023-01-28 21:00:00,97,47.0,28.9,49.32,5.0,1026.4,0.0,95.48043060302734,1.5195693969726562,1,21,5,28,1
2023-01-28 22:00:00,95,47.0,28.0,47.54,0.0,1026.7,0.0,93.34168243408203,1.6583175659179688,1,22,5,28,1
2023-01-28 23:00:00,86,44.0,28.9,54.85,3.0,1026.7,0.0,70.94947814941406,15.050521850585938,1,23,5,28,1
2023-01-29 00:00:00,66,45.0,28.0,51.08,3.0,1026.7,0.0,84.7798080444336,-18.779808044433594,1,0,6,29,1
2023-01-29 01:00:00,58,45.0,28.0,51.08,3.0,1026.2,0.0,85.96946716308594,-27.969467163085938,1,1,6,29,1
2023-01-29 02:00:00,44,43.0,28.9,57.21,0.0,1026.4,0.0,64.3665542602539,-20.366554260253906,1,2,6,29,1
2023-01-29 03:00:00,39,41.0,28.9,61.79,3.0,1026.2,0.0,55.280670166015625,-16.280670166015625,1,3,6,29,1
2023-01-29 04:00:00,36,39.0,28.0,64.37,3.0,1026.1,0.0,33.77528762817383,2.224712371826172,1,4,6,29,1
2023-01-29 05:00:00,8,41.0,28.9,61.79,0.0,1025.7,0.0,32.72674560546875,-24.72674560546875,1,5,6,29,1
2023-01-29 06:00:00,16,41.0,30.0,64.63,0.0,1025.4,0.0,33.91486358642578,-17.91486358642578,1,6,6,29,1
2023-01-29 07:00:00,21,41.0,30.0,64.63,0.0,1025.3,0.0,46.760433197021484,-25.760433197021484,1,7,6,29,1
2023-01-29 08:00:00,33,42.0,32.0,67.17,0.0,1025.1,0.0,49.63248825073242,-16.632488250732422,1,8,6,29,1
2023-01-29 09:00:00,54,44.0,32.0,62.21,3.0,1025.2,0.0,47.00837326049805,6.991626739501953,1,9,6,29,1
2023-01-29 10:00:00,72,46.0,33.0,60.49,6.0,1024.5,0.0,57.82313919067383,14.176860809326172,1,10,6,29,1
2023-01-29 11:00:00,109,48.0,33.0,56.1,8.0,1023.6,0.0,60.590274810791016,48.409725189208984,1,11,6,29,1
2023-01-29 12:00:00,109,52.0,30.0,42.65,7.0,1021.9,0.0,75.32093048095703,33.67906951904297,1,12,6,29,1
2023-01-29 13:00:00,97,53.0,28.9,39.16,11.0,1020.4,0.0,75.82548522949219,21.174514770507812,1,13,6,29,1
2023-01-29 14:00:00,136,54.0,28.0,36.52,16.0,1019.5,0.0,75.9942398071289,60.005760192871094,1,14,6,29,1
2023-01-29 15:00:00,127,54.0,30.0,39.63,9.0,1019.0,0.0,81.93956756591797,45.06043243408203,1,15,6,29,1
2023-01-29 16:00:00,116,54.0,28.9,37.89,14.0,1019.5,0.0,89.03108978271484,26.968910217285156,1,16,6,29,1
2023-01-29 17:00:00,92,52.0,32.0,46.25,14.0,1019.2,0.0,88.21255493164062,3.787445068359375,1,17,6,29,1
2023-01-29 18:00:00,127,52.0,33.0,48.34,10.0,1019.6,0.0,82.94381713867188,44.056182861328125,1,18,6,29,1
2023-01-29 19:00:00,89,50.0,34.0,53.97,11.0,1020.1,0.0,83.48063659667969,5.5193634033203125,1,19,6,29,1
2023-01-29 20:00:00,92,49.0,34.0,56.23,7.0,1019.8,0.0,73.13776397705078,18.86223602294922,1,20,6,29,1
2023-01-29 21:00:00,55,48.0,34.0,58.16,9.0,1020.9,0.0,65.68659210205078,-10.686592102050781,1,21,6,29,1
2023-01-29 22:00:00,40,46.0,35.0,65.52,9.0,1021.1,0.0,43.14881134033203,-3.1488113403320312,1,22,6,29,1
2023-01-29 23:00:00,39,45.0,35.0,68.05,7.0,1020.8,0.0,37.40948486328125,1.59051513671875,1,23,6,29,1
2023-01-30 00:00:00,34,45.0,35.0,68.05,7.0,1021.1,0.0,11.202542304992676,22.797457695007324,1,0,0,30,0
2023-01-30 01:00:00,14,44.0,35.0,70.43,8.0,1020.9,0.0,10.922526359558105,3.0774736404418945,1,1,0,30,0
2023-01-30 02:00:00,14,43.0,35.0,73.45,8.0,1021.2,0.0,6.479711532592773,7.520288467407227,1,2,0,30,0
2023-01-30 03:00:00,17,39.0,33.0,79.17,5.0,1021.0,0.0,19.444656372070312,-2.4446563720703125,1,3,0,30,0
2023-01-30 04:00:00,9,40.0,34.0,79.25,4.0,1021.0,0.0,22.193769454956055,-13.193769454956055,1,4,0,30,0
2023-01-30 05:00:00,16,39.0,33.0,79.17,3.0,1021.5,0.0,19.11435317993164,-3.1143531799316406,1,5,0,30,0
2023-01-30 06:00:00,42,42.0,35.0,76.04,3.0,1021.2,0.0,36.63714599609375,5.36285400390625,1,6,0,30,0
2023-01-30 07:00:00,114,42.0,34.0,72.78,3.0,1021.8,0.0,73.10092163085938,40.899078369140625,1,7,0,30,0
2023-01-30 08:00:00,114,42.0,35.0,76.04,3.0,1021.7,0.0,103.8837661743164,10.116233825683594,1,8,0,30,0
2023-01-30 09:00:00,160,44.0,37.0,75.93,0.0,1022.2,0.0,76.55357360839844,83.44642639160156,1,9,0,30,0
2023-01-30 10:00:00,120,47.0,39.0,73.85,3.0,1022.9,0.0,80.10386657714844,39.89613342285156,1,10,0,30,0
2023-01-30 11:00:00,119,49.0,39.0,68.51,0.0,1022.0,0.0,86.87208557128906,32.12791442871094,1,11,0,30,0
2023-01-30 12:00:00,124,52.0,38.0,58.48,4.0,1021.1,0.0,111.80595397949219,12.194046020507812,1,12,0,30,0
2023-01-30 13:00:00,122,55.0,38.0,52.4,7.0,1020.3,0.0,128.64076232910156,-6.6407623291015625,1,13,0,30,0
2023-01-30 14:00:00,149,54.0,38.0,54.34,4.0,1019.2,0.0,128.96435546875,20.03564453125,1,14,0,30,0
2023-01-30 15:00:00,170,56.0,39.0,52.94,8.0,1018.7,0.0,156.4173583984375,13.5826416015625,1,15,0,30,0
2023-01-30 16:00:00,158,56.0,38.0,50.71,7.0,1018.0,0.0,151.501953125,6.498046875,1,16,0,30,0
2023-01-30 17:00:00,183,53.0,38.0,56.17,5.0,1018.4,0.0,131.78013610839844,51.21986389160156,1,17,0,30,0
2023-01-30 18:00:00,168,50.0,38.0,62.98,4.0,1018.9,0.0,147.42898559570312,20.571014404296875,1,18,0,30,0
2023-01-30 19:00:00,134,51.0,38.0,60.46,9.0,1019.3,0.0,120.02375793457031,13.976242065429688,1,19,0,30,0
2023-01-30 20:00:00,88,49.0,38.0,65.62,5.0,1018.4,0.0,72.27848052978516,15.721519470214844,1,20,0,30,0
2023-01-30 21:00:00,85,48.0,38.0,67.87,4.0,1018.3,0.0,47.19287872314453,37.80712127685547,1,21,0,30,0
2023-01-30 22:00:00,44,49.0,39.0,68.51,8.0,1018.7,0.0,34.982303619384766,9.017696380615234,1,22,0,30,0
2023-01-30 23:00:00,36,46.0,37.0,70.64,5.0,1018.0,0.0,12.137988090515137,23.862011909484863,1,23,0,30,0
2023-01-31 00:00:00,11,48.0,39.0,70.85,8.0,1018.0,0.0,19.916866302490234,-8.916866302490234,1,0,1,31,0
